[DAT]

PTH={
"res://assets/": Object(ImageTexture,"resource_local_to_scene":false,"resource_name":"","image":Object(Image,"resource_local_to_scene":false,"resource_name":"","data":{
"data": PackedByteArray(21, 5, 7, 0, 21, 5, 7, 0, 21, 5, 7, 0, 21, 5, 7, 0, 21, 5, 7, 0, 21, 5, 7, 0, 21, 5, 7, 0, 20, 4, 7, 5, 20, 4, 7, 12, 23, 7, 8, 2, 28, 12, 10, 0, 28, 12, 10, 0, 23, 7, 8, 0, 20, 4, 7, 0, 20, 4, 7, 0, 21, 5, 7, 3, 21, 5, 7, 2, 21, 5, 7, 0, 21, 5, 7, 0, 21, 5, 7, 0, 20, 5, 7, 0, 22, 5, 7, 0, 23, 6, 8, 0, 16, 4, 5, 0, 2, 1, 1, 0, 0, 0, 0, 0, 0, 0, 0, 0, 0, 0, 0, 0, 0, 0, 0, 0, 0, 0, 0, 0, 0, 0, 0, 0, 1, 0, 0, 0, 21, 5, 7, 0, 21, 5, 7, 0, 21, 5, 7, 0, 21, 5, 7, 0, 21, 5, 7, 0, 21, 5, 7, 2, 20, 4, 7, 5, 22, 6, 8, 0, 24, 8, 8, 0, 19, 3, 6, 0, 10, 0, 2, 33, 10, 0, 2, 59, 18, 2, 6, 58, 23, 7, 8, 37, 22, 6, 7, 10, 21, 5, 7, 0, 21, 5, 7, 0, 21, 5, 7, 1, 21, 5, 7, 0, 21, 5, 7, 0, 20, 5, 7, 0, 22, 5, 7, 0, 23, 5, 8, 0, 17, 4, 6, 0, 7, 2, 2, 0, 2, 1, 1, 0, 3, 1, 1, 0, 5, 1, 2, 0, 5, 1, 2, 0, 3, 1, 1, 0, 0, 0, 0, 0, 0, 0, 0, 0, 21, 5, 7, 0, 21, 5, 7, 0, 21, 5, 7, 0, 21, 5, 7, 0, 21, 5, 7, 0, 20, 4, 7, 5, 19, 3, 6, 16, 24, 8, 8, 0, 30, 14, 11, 0, 20, 4, 7, 15, 1, 0, 0, 138, 0, 0, 0, 224, 14, 0, 4, 224, 24, 8, 8, 143, 23, 7, 8, 39, 20, 4, 7, 0, 21, 5, 7, 0, 21, 5, 7, 6, 21, 5, 7, 0, 21, 5, 7, 0, 21, 5, 7, 0, 21, 5, 7, 0, 22, 5, 7, 0, 20, 5, 7, 0, 17, 4, 6, 0, 15, 4, 5, 0, 15, 4, 5, 0, 17, 4, 6, 0, 18, 4, 6, 0, 11, 3, 4, 0, 1, 0, 0, 0, 0, 0, 0, 0, 21, 5, 7, 0, 21, 5, 7, 0, 21, 5, 7, 0, 21, 5, 7, 2, 21, 5, 7, 4, 22, 6, 8, 0, 24, 8, 8, 0, 14, 0, 4, 0, 1, 0, 0, 15, 23, 6, 8, 110, 65, 47, 25, 238, 70, 52, 28, 255, 37, 20, 14, 255, 14, 0, 4, 222, 17, 2, 6, 61, 23, 6, 8, 0, 21, 5, 7, 0, 21, 5, 7, 8, 21, 5, 7, 0, 21, 5, 7, 0, 21, 5, 7, 0, 21, 5, 7, 0, 21, 5, 7, 0, 22, 5, 7, 0, 23, 6, 8, 0, 24, 6, 8, 0, 23, 6, 8, 0, 25, 6, 8, 0, 27, 6, 9, 0, 19, 5, 6, 0, 8, 2, 3, 0, 2, 0, 1, 0, 21, 5, 7, 0, 21, 5, 7, 0, 21, 5, 7, 0, 21, 5, 7, 3, 20, 4, 7, 10, 24, 8, 8, 0, 30, 14, 11, 0, 2, 0, 0, 15, 0, 0, 0, 147, 47, 31, 18, 240, 176, 158, 72, 255, 185, 167, 77, 255, 72, 57, 30, 255, 0, 0, 0, 215, 9, 0, 2, 63, 26, 10, 9, 0, 21, 5, 7, 0, 21, 5, 7, 7, 21, 5, 7, 0, 21, 5, 7, 0, 21, 5, 7, 0, 21, 5, 7, 0, 21, 5, 7, 0, 21, 5, 7, 0, 22, 5, 7, 0, 23, 5, 8, 0, 22, 5, 7, 0, 23, 5, 8, 0, 23, 6, 8, 0, 21, 5, 7, 0, 18, 4, 6, 0, 16, 4, 5, 0, 21, 5, 7, 0, 21, 5, 7, 0, 21, 5, 7, 2, 21, 5, 7, 0, 23, 6, 8, 1, 19, 3, 6, 0, 21, 5, 7, 18, 20, 3, 7, 109, 38, 18, 14, 242, 123, 109, 51, 255, 225, 220, 94, 255, 202, 197, 84, 253, 74, 59, 28, 255, 0, 0, 0, 192, 6, 0, 0, 36, 28, 12, 10, 0, 21, 5, 7, 0, 21, 5, 7, 12, 21, 5, 7, 3, 21, 5, 7, 1, 21, 5, 7, 2, 21, 5, 7, 1, 21, 5, 7, 0, 21, 5, 7, 0, 20, 5, 7, 0, 20, 5, 7, 0, 20, 5, 7, 0, 20, 5, 7, 0, 20, 5, 7, 0, 21, 5, 7, 0, 23, 5, 8, 0, 24, 6, 8, 0, 21, 5, 7, 0, 21, 5, 7, 1, 21, 5, 7, 6, 22, 6, 8, 0, 26, 10, 9, 0, 10, 0, 2, 38, 1, 0, 0, 154, 60, 40, 23, 239, 162, 138, 67, 255, 217, 210, 92, 255, 195, 215, 84, 255, 121, 139, 51, 255, 45, 35, 15, 255, 6, 0, 0, 194, 11, 0, 2, 28, 25, 11, 9, 0, 21, 6, 7, 0, 21, 5, 7, 20, 21, 5, 7, 10, 21, 5, 7, 7, 21, 5, 7, 9, 21, 5, 7, 6, 21, 5, 7, 2, 21, 5, 7, 0, 21, 5, 7, 0, 21, 5, 7, 0, 21, 5, 7, 0, 21, 5, 7, 0, 21, 5, 7, 0, 21, 5, 7, 0, 22, 5, 7, 0, 23, 5, 8, 0, 21, 5, 7, 0, 21, 5, 7, 2, 21, 5, 7, 8, 23, 7, 8, 0, 28, 12, 10, 0, 7, 0, 1, 61, 0, 0, 0, 226, 74, 58, 29, 255, 204, 192, 83, 255, 236, 245, 98, 236, 154, 189, 66, 245, 68, 101, 33, 255, 33, 40, 19, 255, 20, 7, 12, 217, 17, 0, 7, 102, 23, 8, 7, 18, 21, 4, 6, 0, 21, 6, 7, 0, 22, 6, 7, 0, 22, 6, 7, 0, 22, 6, 7, 0, 22, 5, 7, 0, 21, 5, 7, 0, 21, 5, 7, 3, 21, 5, 7, 2, 21, 5, 7, 0, 21, 5, 7, 0, 21, 5, 7, 0, 21, 5, 7, 0, 21, 5, 7, 0, 20, 5, 7, 0, 20, 5, 7, 0, 21, 5, 7, 0, 21, 5, 7, 2, 21, 5, 7, 8, 22, 6, 7, 0, 25, 11, 9, 0, 12, 0, 3, 56, 4, 0, 0, 212, 55, 46, 21, 255, 141, 154, 57, 255, 176, 205, 72, 246, 142, 178, 59, 253, 88, 124, 46, 255, 51, 83, 43, 253, 28, 43, 32, 255, 20, 13, 14, 237, 22, 3, 5, 149, 19, 1, 5, 17, 22, 7, 8, 0, 25, 8, 8, 0, 26, 9, 9, 0, 26, 8, 8, 0, 24, 7, 8, 0, 22, 5, 7, 2, 21, 5, 7, 10, 21, 5, 7, 4, 21, 5, 7, 0, 21, 5, 7, 0, 21, 5, 7, 0, 21, 5, 7, 0, 21, 5, 7, 0, 21, 5, 7, 0, 21, 5, 7, 0, 21, 5, 7, 0, 21, 5, 7, 2, 21, 5, 7, 8, 22, 6, 7, 0, 23, 9, 8, 0, 17, 0, 5, 56, 15, 0, 3, 212, 32, 29, 15, 255, 69, 99, 39, 255, 110, 154, 54, 246, 136, 170, 56, 255, 116, 150, 57, 252, 67, 111, 57, 245, 28, 57, 40, 255, 18, 11, 13, 255, 21, 0, 0, 236, 20, 0, 4, 100, 19, 6, 8, 27, 12, 0, 4, 35, 9, 0, 3, 65, 12, 0, 4, 61, 16, 2, 6, 38, 20, 4, 7, 0, 22, 5, 7, 0, 21, 5, 7, 0, 21, 5, 7, 4, 21, 5, 7, 1, 21, 5, 7, 0, 21, 5, 7, 0, 21, 5, 7, 0, 21, 5, 7, 0, 21, 5, 7, 0, 21, 5, 7, 0, 21, 5, 7, 2, 21, 5, 7, 8, 21, 6, 7, 0, 22, 8, 8, 0, 20, 0, 4, 63, 20, 0, 3, 234, 22, 20, 16, 255, 36, 68, 40, 255, 78, 124, 55, 243, 126, 161, 55, 253, 121, 154, 54, 254, 69, 110, 55, 251, 26, 51, 38, 255, 16, 5, 10, 255, 20, 0, 0, 255, 21, 0, 4, 211, 17, 5, 7, 187, 4, 0, 1, 189, 0, 0, 0, 220, 4, 0, 2, 228, 13, 0, 5, 153, 19, 4, 7, 18, 22, 6, 7, 0, 22, 6, 7, 0, 21, 5, 7, 10, 21, 5, 7, 2, 21, 5, 7, 0, 21, 5, 7, 0, 21, 5, 7, 0, 21, 5, 7, 0, 21, 5, 7, 0, 21, 5, 7, 0, 21, 5, 7, 1, 21, 5, 7, 5, 21, 5, 7, 0, 21, 7, 8, 0, 21, 3, 5, 37, 23, 2, 4, 141, 20, 10, 13, 219, 22, 35, 31, 253, 55, 84, 47, 255, 100, 135, 54, 255, 103, 141, 56, 254, 63, 103, 54, 255, 31, 60, 41, 250, 27, 34, 25, 243, 23, 15, 12, 255, 16, 1, 5, 255, 31, 13, 10, 255, 56, 31, 19, 255, 67, 40, 23, 255, 55, 29, 17, 255, 37, 15, 11, 237, 25, 7, 8, 106, 19, 4, 7, 19, 19, 4, 7, 0, 22, 5, 7, 3, 21, 5, 7, 0, 21, 5, 7, 1, 21, 5, 7, 0, 21, 5, 7, 0, 21, 5, 7, 0, 21, 5, 7, 0, 21, 5, 7, 0, 21, 5, 7, 0, 21, 5, 7, 0, 21, 5, 7, 2, 20, 5, 7, 11, 23, 5, 7, 0, 27, 6, 7, 0, 25, 3, 7, 76, 22, 7, 12, 209, 36, 38, 26, 255, 59, 86, 47, 255, 65, 106, 57, 248, 51, 93, 54, 255, 42, 82, 51, 252, 46, 82, 50, 249, 27, 48, 31, 255, 8, 4, 8, 255, 52, 24, 15, 255, 136, 92, 46, 255, 176, 123, 60, 255, 145, 92, 44, 255, 86, 46, 24, 255, 37, 15, 11, 237, 13, 0, 5, 155, 15, 1, 5, 44, 24, 7, 8, 0, 21, 5, 7, 0, 21, 5, 7, 5, 21, 5, 7, 0, 21, 5, 7, 0, 21, 5, 7, 0, 21, 5, 7, 0, 21, 5, 7, 0, 21, 5, 7, 1, 21, 5, 7, 3, 22, 5, 7, 0, 22, 5, 7, 0, 18, 6, 8, 0, 11, 8, 9, 0, 6, 0, 2, 80, 5, 0, 0, 211, 8, 2, 4, 255, 15, 39, 27, 255, 25, 62, 41, 248, 35, 62, 39, 253, 42, 68, 41, 255, 47, 79, 47, 255, 27, 50, 33, 235, 11, 7, 9, 187, 51, 23, 15, 185, 133, 90, 46, 229, 184, 128, 62, 253, 173, 108, 51, 240, 114, 63, 30, 255, 46, 20, 13, 255, 10, 0, 4, 221, 13, 1, 5, 46, 25, 8, 8, 0, 21, 5, 7, 0, 21, 5, 7, 12, 21, 5, 7, 2, 21, 5, 7, 0, 21, 5, 7, 0, 21, 5, 7, 0, 21, 5, 7, 0, 21, 5, 7, 3, 20, 5, 7, 9, 22, 5, 7, 0, 23, 4, 7, 0, 17, 6, 8, 11, 3, 7, 8, 133, 0, 0, 2, 223, 0, 0, 0, 255, 0, 0, 0, 255, 0, 6, 7, 255, 10, 21, 15, 251, 24, 22, 16, 248, 31, 24, 17, 255, 31, 28, 20, 255, 24, 20, 16, 193, 24, 10, 10, 49, 30, 11, 10, 50, 50, 28, 18, 193, 95, 58, 30, 255, 138, 81, 38, 255, 119, 67, 32, 255, 52, 26, 15, 255, 11, 2, 5, 209, 17, 5, 7, 32, 27, 11, 9, 0, 22, 6, 7, 0, 21, 5, 7, 19, 21, 5, 7, 4, 21, 5, 7, 0, 21, 5, 7, 0, 21, 5, 7, 0, 21, 5, 7, 2, 21, 5, 7, 0, 22, 5, 7, 1, 18, 5, 7, 0, 17, 6, 8, 17, 30, 3, 6, 111, 56, 2, 5, 248, 76, 20, 15, 255, 82, 44, 29, 255, 78, 40, 30, 244, 66, 10, 16, 253, 42, 0, 4, 254, 17, 0, 1, 248, 9, 0, 0, 255, 13, 0, 0, 255, 20, 0, 2, 193, 20, 2, 5, 50, 0, 0, 0, 52, 0, 0, 0, 193, 30, 9, 8, 255, 132, 82, 40, 255, 142, 88, 43, 255, 55, 25, 17, 255, 0, 0, 0, 210, 5, 0, 1, 100, 20, 1, 6, 18, 20, 4, 7, 0, 22, 7, 8, 0, 22, 6, 7, 0, 21, 5, 7, 5, 21, 5, 7, 1, 21, 5, 7, 0, 21, 5, 7, 8, 22, 5, 7, 0, 26, 5, 7, 0, 11, 5, 7, 40, 4, 7, 8, 154, 54, 0, 4, 239, 150, 0, 4, 255, 217, 52, 35, 255, 230, 128, 80, 255, 211, 121, 85, 251, 176, 36, 47, 254, 104, 0, 12, 255, 25, 0, 1, 253, 0, 0, 0, 255, 8, 0, 1, 255, 24, 2, 5, 236, 15, 0, 4, 192, 0, 0, 0, 193, 0, 0, 0, 236, 41, 20, 14, 255, 165, 114, 56, 255, 173, 118, 58, 254, 64, 31, 21, 253, 0, 0, 0, 255, 0, 0, 0, 238, 18, 0, 5, 147, 21, 6, 7, 13, 25, 11, 9, 0, 23, 7, 8, 0, 20, 4, 7, 16, 21, 5, 7, 4, 21, 5, 7, 0, 21, 5, 7, 11, 23, 5, 7, 0, 27, 5, 7, 0, 7, 5, 7, 63, 0, 7, 8, 228, 69, 0, 5, 255, 201, 0, 9, 255, 255, 51, 44, 237, 246, 125, 93, 251, 217, 128, 98, 255, 206, 63, 59, 255, 158, 20, 26, 255, 83, 26, 19, 255, 33, 25, 15, 253, 15, 8, 9, 250, 29, 9, 12, 255, 48, 27, 18, 255, 58, 34, 20, 255, 55, 32, 19, 255, 92, 59, 32, 251, 147, 102, 52, 253, 135, 97, 48, 253, 64, 51, 24, 245, 24, 26, 11, 255, 36, 35, 15, 255, 40, 30, 15, 240, 20, 3, 7, 110, 13, 0, 3, 14, 18, 0, 6, 0, 22, 7, 8, 0, 21, 6, 7, 0, 21, 5, 7, 5, 21, 5, 7, 10, 22, 5, 7, 0, 26, 5, 8, 0, 8, 5, 6, 60, 0, 5, 6, 219, 67, 4, 9, 255, 183, 8, 20, 255, 204, 22, 42, 245, 136, 45, 64, 254, 105, 62, 64, 255, 144, 70, 46, 255, 170, 80, 35, 255, 155, 88, 39, 255, 99, 58, 32, 254, 40, 17, 18, 253, 48, 24, 23, 255, 115, 79, 44, 255, 174, 125, 61, 255, 179, 129, 62, 255, 135, 89, 47, 253, 76, 41, 26, 254, 51, 42, 20, 254, 73, 91, 32, 251, 105, 139, 47, 255, 110, 142, 49, 255, 80, 92, 35, 255, 28, 15, 11, 243, 3, 0, 0, 146, 12, 0, 3, 13, 25, 10, 9, 0, 22, 6, 7, 0, 21, 4, 7, 12, 21, 5, 7, 9, 22, 5, 7, 0, 24, 5, 8, 0, 13, 4, 5, 55, 7, 4, 3, 196, 53, 8, 15, 255, 129, 16, 36, 255, 137, 17, 45, 248, 84, 19, 43, 255, 64, 38, 41, 255, 101, 70, 44, 255, 128, 82, 41, 255, 125, 75, 35, 255, 100, 55, 30, 255, 81, 48, 32, 255, 107, 71, 44, 253, 167, 115, 58, 248, 211, 149, 70, 248, 204, 147, 70, 253, 120, 77, 41, 255, 19, 0, 5, 255, 19, 18, 9, 255, 112, 133, 49, 255, 179, 215, 77, 250, 162, 205, 70, 238, 113, 142, 48, 255, 63, 68, 26, 255, 28, 15, 11, 242, 19, 2, 6, 111, 22, 6, 7, 17, 20, 3, 6, 0, 22, 6, 7, 2, 21, 5, 7, 8, 21, 5, 7, 0, 22, 6, 8, 0, 18, 4, 4, 62, 20, 4, 2, 205, 41, 8, 18, 255, 80, 20, 47, 255, 112, 43, 56, 248, 127, 66, 45, 255, 122, 72, 45, 255, 106, 61, 56, 255, 62, 28, 42, 255, 27, 4, 12, 255, 54, 29, 15, 255, 129, 90, 46, 255, 182, 126, 64, 255, 179, 117, 55, 255, 152, 96, 45, 255, 119, 79, 42, 255, 51, 26, 21, 255, 0, 0, 0, 255, 51, 40, 21, 255, 174, 169, 73, 255, 223, 233, 94, 253, 170, 200, 71, 251, 121, 160, 51, 255, 111, 143, 49, 255, 82, 94, 36, 255, 35, 26, 14, 247, 14, 0, 4, 144, 16, 0, 5, 33, 24, 9, 8, 0, 21, 5, 7, 12, 22, 5, 7, 0, 23, 5, 8, 0, 17, 5, 5, 41, 10, 5, 3, 199, 6, 2, 13, 255, 17, 4, 30, 255, 62, 31, 36, 247, 115, 69, 32, 255, 118, 67, 32, 255, 75, 31, 40, 255, 30, 2, 32, 255, 28, 9, 17, 255, 83, 56, 26, 255, 161, 113, 54, 255, 187, 127, 61, 255, 145, 88, 42, 255, 91, 46, 30, 255, 62, 29, 32, 255, 20, 0, 18, 255, 0, 0, 1, 255, 82, 61, 30, 255, 217, 191, 88, 255, 237, 225, 101, 255, 140, 159, 66, 255, 96, 138, 48, 249, 133, 179, 59, 237, 122, 148, 51, 255, 48, 44, 19, 255, 9, 0, 2, 211, 14, 0, 4, 54, 25, 12, 9, 0, 20, 5, 7, 14, 22, 5, 7, 0, 23, 5, 7, 0, 16, 6, 7, 31, 4, 6, 7, 196, 0, 0, 5, 255, 0, 0, 4, 255, 13, 0, 5, 247, 45, 20, 8, 255, 39, 15, 7, 255, 16, 0, 7, 255, 45, 24, 22, 255, 125, 87, 47, 255, 175, 122, 59, 255, 170, 112, 53, 255, 133, 81, 39, 255, 93, 51, 29, 255, 71, 33, 35, 255, 72, 32, 50, 255, 40, 5, 35, 255, 0, 0, 5, 255, 77, 59, 26, 255, 222, 198, 88, 255, 229, 218, 103, 255, 101, 123, 64, 255, 56, 99, 45, 252, 121, 164, 56, 246, 128, 150, 49, 255, 51, 46, 18, 255, 7, 0, 2, 198, 14, 0, 4, 50, 25, 11, 9, 0, 23, 5, 7, 1, 18, 5, 7, 0, 16, 6, 7, 20, 31, 3, 6, 105, 56, 3, 6, 217, 76, 18, 14, 255, 77, 39, 25, 255, 54, 37, 27, 249, 24, 14, 20, 255, 0, 0, 8, 255, 5, 0, 5, 255, 62, 36, 22, 255, 140, 98, 50, 255, 181, 123, 59, 255, 163, 99, 46, 255, 103, 58, 28, 255, 45, 28, 19, 255, 31, 18, 26, 255, 57, 27, 41, 255, 45, 9, 31, 255, 6, 0, 6, 255, 68, 55, 22, 255, 190, 183, 73, 255, 190, 196, 87, 255, 73, 100, 58, 255, 29, 71, 44, 252, 86, 129, 54, 245, 100, 123, 46, 255, 44, 38, 17, 255, 11, 0, 2, 197, 16, 0, 4, 49, 24, 10, 9, 0, 27, 5, 7, 0, 12, 5, 7, 36, 5, 7, 8, 146, 56, 0, 4, 242, 150, 0, 4, 255, 218, 50, 35, 254, 224, 124, 80, 255, 158, 122, 87, 253, 71, 51, 55, 255, 26, 3, 33, 255, 43, 12, 37, 255, 58, 25, 34, 255, 51, 28, 23, 255, 91, 55, 26, 255, 144, 84, 38, 255, 121, 72, 35, 255, 35, 25, 15, 255, 0, 0, 5, 255, 15, 6, 11, 255, 22, 0, 9, 255, 7, 0, 3, 255, 56, 49, 20, 255, 139, 153, 53, 255, 140, 168, 64, 255, 65, 96, 50, 255, 27, 66, 46, 249, 52, 97, 55, 237, 59, 88, 45, 255, 31, 27, 17, 255, 16, 0, 2, 213, 19, 0, 4, 54, 23, 9, 9, 0, 30, 6, 8, 0, 9, 5, 7, 55, 0, 7, 8, 210, 67, 0, 5, 255, 192, 0, 10, 255, 255, 52, 42, 244, 255, 129, 86, 253, 230, 129, 93, 255, 135, 59, 64, 255, 80, 17, 49, 255, 78, 29, 57, 255, 53, 19, 42, 255, 0, 0, 7, 255, 22, 6, 3, 255, 97, 59, 27, 255, 124, 68, 35, 255, 82, 24, 17, 255, 43, 0, 8, 255, 34, 8, 13, 255, 20, 1, 10, 255, 10, 0, 2, 255, 39, 31, 13, 255, 84, 113, 40, 254, 94, 142, 56, 251, 63, 106, 53, 249, 35, 71, 48, 255, 30, 61, 43, 255, 27, 42, 30, 255, 22, 13, 13, 245, 21, 1, 4, 143, 20, 2, 5, 33, 21, 7, 8, 0, 28, 5, 8, 0, 11, 5, 6, 51, 4, 5, 5, 198, 58, 4, 11, 255, 163, 6, 24, 255, 243, 26, 35, 246, 255, 53, 41, 254, 234, 53, 41, 255, 182, 27, 40, 255, 127, 17, 46, 255, 88, 28, 54, 255, 49, 21, 41, 255, 14, 0, 12, 255, 15, 5, 4, 255, 42, 32, 18, 255, 99, 37, 27, 255, 145, 15, 24, 255, 140, 9, 31, 255, 89, 24, 44, 255, 37, 14, 32, 255, 17, 0, 6, 255, 24, 13, 7, 254, 43, 73, 36, 250, 58, 109, 58, 243, 51, 101, 58, 236, 37, 66, 43, 255, 24, 29, 23, 255, 18, 5, 9, 242, 19, 2, 6, 110, 22, 6, 7, 16, 21, 4, 7, 0, 21, 5, 7, 2, 26, 5, 8, 0, 15, 4, 5, 51, 11, 3, 3, 198, 43, 9, 17, 255, 110, 16, 39, 255, 172, 13, 38, 246, 210, 2, 17, 254, 223, 0, 8, 255, 212, 4, 21, 255, 164, 17, 41, 255, 99, 28, 54, 255, 47, 24, 41, 255, 25, 11, 14, 255, 20, 9, 5, 255, 27, 20, 23, 255, 88, 25, 39, 255, 160, 21, 43, 255, 164, 19, 47, 255, 99, 25, 50, 255, 42, 24, 39, 254, 27, 22, 22, 253, 27, 30, 19, 255, 28, 47, 32, 255, 36, 64, 45, 255, 39, 70, 44, 255, 35, 49, 30, 255, 25, 13, 10, 242, 19, 0, 0, 147, 20, 0, 4, 13, 21, 7, 8, 0, 21, 5, 7, 0, 21, 5, 7, 12, 24, 6, 9, 0, 18, 4, 4, 57, 17, 2, 2, 220, 30, 11, 19, 255, 67, 25, 47, 255, 122, 24, 51, 243, 179, 9, 33, 253, 214, 0, 19, 255, 215, 4, 24, 255, 171, 18, 42, 255, 107, 30, 58, 255, 47, 24, 43, 255, 14, 7, 9, 255, 20, 3, 4, 255, 45, 19, 34, 255, 86, 32, 59, 255, 110, 33, 61, 255, 94, 19, 44, 255, 51, 7, 23, 255, 28, 26, 22, 253, 37, 64, 40, 251, 39, 66, 42, 255, 24, 29, 22, 255, 19, 9, 12, 255, 23, 17, 15, 255, 25, 18, 14, 244, 21, 4, 6, 110, 19, 0, 4, 13, 20, 2, 6, 0, 21, 6, 8, 0, 21, 5, 7, 0, 21, 5, 7, 5, 22, 6, 8, 0, 20, 4, 5, 33, 21, 3, 4, 135, 21, 9, 14, 230, 32, 19, 32, 255, 69, 24, 43, 255, 121, 22, 44, 255, 156, 18, 41, 253, 158, 17, 39, 255, 124, 18, 40, 255, 77, 22, 41, 255, 40, 19, 33, 255, 28, 12, 19, 255, 40, 12, 20, 255, 54, 19, 34, 255, 61, 26, 46, 255, 50, 27, 46, 255, 32, 14, 27, 255, 16, 0, 4, 253, 19, 17, 8, 255, 34, 58, 34, 255, 38, 59, 38, 240, 27, 18, 14, 197, 18, 0, 0, 196, 18, 0, 0, 209, 20, 2, 5, 145, 21, 5, 7, 16, 22, 8, 8, 0, 21, 6, 8, 0, 21, 5, 7, 15, 21, 5, 7, 3, 21, 5, 7, 0, 21, 5, 7, 2, 21, 5, 7, 0, 23, 5, 7, 15, 18, 5, 7, 99, 16, 7, 11, 216, 36, 13, 23, 255, 70, 21, 41, 255, 95, 26, 52, 249, 98, 27, 53, 255, 72, 20, 37, 255, 38, 10, 18, 255, 32, 11, 19, 255, 52, 21, 36, 255, 58, 22, 40, 255, 39, 12, 23, 255, 25, 8, 13, 255, 23, 10, 16, 255, 22, 8, 13, 253, 18, 2, 5, 249, 20, 8, 7, 255, 25, 21, 15, 255, 26, 20, 16, 211, 22, 7, 8, 88, 19, 0, 3, 30, 19, 0, 3, 40, 20, 2, 5, 39, 21, 4, 6, 0, 21, 5, 7, 0, 21, 5, 7, 0, 21, 5, 7, 3, 21, 5, 7, 1, 21, 5, 7, 0, 21, 5, 7, 15, 21, 5, 8, 0, 22, 6, 9, 0, 18, 3, 3, 25, 15, 0, 0, 194, 26, 7, 10, 255, 48, 22, 38, 255, 63, 34, 59, 246, 63, 34, 61, 255, 41, 20, 35, 255, 15, 4, 5, 255, 27, 7, 11, 255, 66, 25, 46, 255, 69, 28, 50, 255, 30, 10, 15, 255, 7, 0, 0, 255, 13, 0, 0, 255, 22, 4, 5, 253, 23, 7, 8, 246, 22, 3, 7, 255, 18, 0, 2, 255, 18, 0, 1, 195, 21, 4, 6, 27, 22, 10, 10, 0, 22, 9, 9, 0, 22, 7, 8, 0, 21, 6, 7, 2, 21, 5, 7, 12, 21, 5, 7, 5, 21, 5, 7, 0, 21, 5, 7, 0, 21, 5, 7, 0),
"format": "RGBA8",
"height": 32,
"mipmaps": false,
"width": 32
},"script":null)
,"script":null,"metadata/path":"res://assets/img/sprite_img/items/red_berries.png")
,
"res://components/": Object(ImageTexture,"resource_local_to_scene":false,"resource_name":"","image":Object(Image,"resource_local_to_scene":false,"resource_name":"","data":{
"data": PackedByteArray(0, 0, 0, 15, 2, 2, 2, 0, 3, 3, 3, 0, 0, 0, 0, 25, 0, 0, 0, 194, 0, 0, 0, 255, 0, 0, 0, 255, 0, 0, 0, 246, 0, 0, 0, 255, 0, 0, 0, 255, 0, 0, 0, 255, 0, 0, 0, 255, 0, 0, 0, 255, 0, 0, 0, 255, 0, 0, 0, 255, 0, 0, 0, 255, 0, 0, 0, 255, 0, 0, 0, 255, 0, 0, 0, 255, 0, 0, 0, 255, 0, 0, 0, 255, 0, 0, 0, 255, 0, 0, 0, 255, 0, 0, 0, 253, 0, 0, 0, 246, 0, 0, 0, 255, 0, 0, 0, 255, 0, 0, 0, 194, 0, 0, 0, 23, 3, 3, 3, 0, 2, 2, 2, 0, 0, 0, 0, 15, 2, 2, 2, 2, 0, 0, 0, 0, 0, 0, 0, 16, 10, 9, 11, 100, 38, 33, 38, 216, 52, 45, 53, 255, 49, 43, 50, 255, 44, 39, 45, 249, 46, 40, 46, 255, 46, 40, 46, 255, 46, 40, 46, 255, 46, 40, 47, 255, 47, 41, 48, 255, 48, 42, 48, 255, 48, 42, 48, 255, 47, 41, 48, 255, 47, 41, 47, 255, 45, 39, 45, 255, 44, 38, 45, 255, 49, 43, 50, 255, 58, 51, 59, 255, 63, 55, 63, 255, 62, 54, 63, 255, 61, 53, 62, 253, 61, 53, 62, 249, 61, 53, 62, 255, 55, 48, 56, 255, 36, 32, 37, 216, 9, 8, 9, 99, 0, 0, 0, 16, 0, 0, 0, 0, 2, 2, 2, 2, 7, 6, 7, 0, 0, 0, 0, 33, 0, 0, 0, 135, 41, 35, 41, 230, 148, 129, 150, 255, 203, 177, 205, 255, 192, 168, 195, 255, 172, 150, 174, 253, 178, 155, 180, 255, 178, 155, 180, 255, 178, 155, 180, 255, 180, 157, 182, 255, 184, 160, 186, 255, 187, 163, 189, 255, 187, 163, 189, 255, 184, 160, 186, 255, 181, 157, 183, 255, 176, 153, 178, 255, 175, 152, 177, 255, 185, 161, 187, 255, 203, 177, 206, 255, 213, 185, 215, 255, 211, 184, 214, 255, 209, 182, 211, 255, 206, 180, 209, 253, 216, 188, 218, 255, 210, 183, 212, 255, 145, 126, 147, 255, 37, 33, 38, 230, 0, 0, 0, 135, 0, 0, 0, 31, 7, 6, 7, 0, 11, 9, 11, 0, 0, 0, 0, 57, 0, 0, 0, 219, 60, 53, 61, 255, 223, 195, 226, 255, 255, 255, 255, 243, 255, 255, 255, 253, 255, 254, 255, 255, 255, 255, 255, 255, 255, 255, 255, 255, 255, 255, 255, 255, 255, 255, 255, 255, 255, 249, 255, 255, 255, 243, 255, 255, 255, 243, 255, 255, 255, 248, 255, 255, 255, 255, 255, 255, 255, 255, 255, 255, 255, 255, 255, 255, 255, 249, 255, 255, 244, 213, 247, 255, 222, 194, 225, 255, 226, 197, 229, 255, 226, 197, 229, 255, 215, 187, 218, 255, 255, 225, 255, 251, 255, 255, 255, 243, 230, 201, 233, 255, 63, 55, 64, 255, 0, 0, 0, 219, 0, 0, 0, 56, 11, 9, 11, 0, 10, 9, 10, 0, 0, 0, 0, 53, 0, 0, 0, 205, 55, 49, 56, 255, 207, 183, 210, 255, 255, 255, 255, 245, 255, 255, 255, 254, 255, 249, 255, 255, 255, 255, 255, 255, 255, 255, 255, 255, 255, 255, 255, 255, 255, 249, 255, 255, 255, 232, 255, 255, 253, 221, 255, 255, 253, 220, 255, 255, 255, 230, 255, 255, 255, 241, 255, 255, 255, 255, 255, 255, 255, 255, 255, 255, 248, 219, 252, 255, 115, 101, 117, 255, 46, 39, 46, 255, 58, 51, 59, 255, 61, 53, 62, 255, 40, 34, 40, 255, 125, 110, 127, 252, 251, 222, 254, 245, 230, 203, 233, 255, 69, 61, 70, 255, 0, 0, 0, 205, 0, 0, 0, 52, 10, 9, 10, 0, 9, 8, 9, 0, 0, 0, 0, 47, 0, 0, 0, 183, 57, 48, 57, 255, 202, 170, 204, 255, 255, 221, 255, 248, 218, 188, 220, 255, 176, 155, 179, 255, 187, 164, 190, 255, 187, 162, 189, 255, 182, 159, 184, 255, 203, 177, 206, 255, 242, 211, 245, 255, 255, 235, 255, 255, 255, 235, 255, 255, 240, 211, 243, 255, 198, 173, 200, 255, 193, 166, 195, 255, 199, 167, 200, 255, 136, 112, 136, 255, 10, 8, 10, 255, 0, 0, 0, 255, 0, 0, 0, 255, 0, 0, 0, 255, 0, 0, 0, 255, 42, 35, 42, 254, 215, 182, 217, 248, 225, 190, 227, 255, 72, 61, 72, 255, 0, 0, 0, 183, 0, 0, 0, 45, 9, 8, 9, 0, 10, 8, 10, 0, 0, 0, 0, 49, 0, 0, 0, 190, 69, 57, 69, 255, 227, 187, 227, 255, 241, 200, 242, 247, 111, 93, 112, 255, 24, 22, 24, 255, 44, 39, 44, 255, 43, 37, 44, 255, 27, 23, 27, 255, 97, 86, 99, 255, 226, 200, 229, 255, 255, 255, 255, 255, 255, 255, 255, 255, 225, 200, 229, 255, 98, 88, 100, 255, 27, 19, 26, 255, 26, 12, 25, 255, 29, 16, 28, 255, 0, 0, 0, 255, 0, 0, 0, 255, 0, 0, 0, 255, 0, 0, 0, 255, 0, 0, 0, 255, 60, 52, 61, 253, 229, 190, 230, 247, 233, 192, 234, 255, 73, 60, 74, 255, 0, 0, 0, 190, 0, 0, 0, 47, 10, 8, 10, 0, 9, 9, 9, 0, 0, 0, 0, 49, 0, 0, 0, 190, 66, 64, 68, 255, 210, 204, 217, 255, 201, 197, 207, 247, 43, 45, 45, 255, 0, 0, 0, 255, 0, 0, 0, 255, 0, 0, 0, 255, 0, 0, 0, 255, 18, 15, 18, 255, 138, 114, 138, 255, 223, 185, 224, 255, 225, 188, 226, 255, 134, 110, 134, 255, 14, 7, 13, 255, 0, 0, 0, 255, 0, 12, 0, 255, 16, 33, 20, 255, 2, 1, 2, 255, 0, 0, 0, 255, 4, 0, 2, 255, 0, 0, 0, 255, 0, 0, 0, 255, 61, 52, 61, 253, 207, 200, 213, 247, 208, 203, 215, 255, 65, 64, 67, 255, 0, 0, 0, 190, 0, 0, 0, 47, 9, 9, 9, 0, 7, 9, 8, 0, 0, 0, 0, 49, 0, 0, 0, 190, 51, 70, 56, 255, 163, 223, 180, 255, 158, 219, 175, 247, 39, 62, 44, 255, 0, 0, 0, 255, 0, 0, 0, 255, 0, 0, 0, 255, 0, 0, 0, 255, 0, 0, 0, 255, 24, 12, 22, 255, 44, 24, 42, 255, 48, 29, 46, 255, 14, 0, 11, 255, 0, 0, 0, 255, 13, 38, 18, 255, 96, 167, 112, 255, 99, 163, 114, 255, 16, 25, 18, 255, 0, 0, 0, 255, 0, 0, 0, 255, 0, 0, 0, 255, 0, 0, 0, 255, 33, 40, 35, 253, 158, 215, 174, 247, 164, 226, 181, 255, 52, 72, 58, 255, 0, 0, 0, 190, 0, 0, 0, 47, 7, 9, 8, 0, 6, 10, 7, 0, 0, 0, 0, 49, 0, 0, 0, 190, 42, 73, 49, 255, 135, 234, 158, 255, 134, 229, 156, 247, 40, 64, 46, 255, 0, 0, 0, 255, 0, 0, 0, 255, 3, 0, 2, 255, 0, 0, 0, 255, 1, 0, 1, 255, 5, 22, 9, 255, 8, 39, 15, 255, 12, 45, 19, 255, 0, 6, 0, 255, 0, 0, 0, 255, 53, 76, 59, 255, 161, 250, 184, 255, 170, 255, 195, 255, 81, 133, 94, 255, 21, 40, 26, 255, 34, 60, 40, 255, 37, 62, 43, 255, 24, 42, 29, 255, 73, 125, 85, 253, 143, 247, 168, 247, 131, 226, 153, 255, 39, 68, 46, 255, 0, 0, 0, 190, 0, 0, 0, 47, 6, 10, 7, 0, 6, 10, 7, 0, 0, 0, 0, 49, 0, 0, 0, 190, 42, 74, 49, 255, 133, 234, 158, 255, 127, 224, 151, 247, 28, 49, 34, 255, 0, 0, 0, 255, 0, 0, 0, 255, 0, 0, 0, 255, 0, 0, 0, 255, 9, 17, 11, 255, 75, 138, 91, 255, 122, 223, 146, 255, 126, 230, 151, 255, 67, 126, 81, 255, 4, 10, 5, 255, 25, 38, 28, 255, 122, 201, 142, 255, 174, 255, 203, 255, 150, 255, 176, 255, 127, 218, 149, 255, 133, 228, 156, 255, 133, 227, 156, 255, 128, 219, 151, 255, 145, 251, 171, 253, 159, 255, 188, 247, 118, 208, 139, 255, 32, 56, 38, 255, 0, 0, 0, 190, 0, 0, 0, 47, 6, 10, 7, 0, 6, 10, 7, 0, 0, 0, 0, 49, 0, 0, 0, 190, 40, 68, 46, 255, 131, 223, 153, 255, 139, 238, 163, 247, 64, 112, 75, 255, 14, 27, 16, 255, 26, 47, 30, 255, 25, 45, 29, 255, 15, 29, 18, 255, 58, 101, 68, 255, 136, 231, 159, 255, 196, 255, 229, 255, 202, 255, 236, 255, 121, 204, 141, 255, 19, 30, 22, 255, 15, 28, 18, 255, 109, 195, 129, 255, 167, 255, 197, 255, 147, 253, 173, 255, 127, 216, 149, 255, 132, 226, 155, 255, 131, 225, 154, 255, 127, 217, 149, 255, 145, 249, 171, 253, 161, 255, 188, 247, 120, 205, 140, 255, 32, 55, 38, 255, 0, 0, 0, 190, 0, 0, 0, 47, 6, 10, 7, 0, 5, 10, 6, 0, 0, 0, 0, 49, 0, 0, 0, 190, 32, 59, 38, 255, 115, 208, 135, 255, 149, 255, 175, 247, 126, 231, 149, 255, 104, 190, 122, 255, 110, 201, 129, 255, 109, 200, 128, 255, 106, 196, 125, 255, 118, 215, 139, 255, 138, 250, 163, 255, 166, 255, 195, 255, 175, 255, 205, 255, 108, 194, 127, 255, 11, 19, 13, 255, 25, 46, 29, 255, 127, 234, 150, 255, 154, 255, 182, 255, 75, 134, 89, 255, 25, 40, 29, 255, 36, 60, 42, 255, 37, 63, 44, 255, 26, 43, 31, 255, 70, 124, 83, 253, 135, 244, 158, 247, 122, 222, 144, 255, 37, 67, 43, 255, 0, 0, 0, 190, 0, 0, 0, 47, 5, 10, 6, 0, 5, 10, 6, 0, 0, 0, 0, 49, 0, 0, 0, 190, 28, 54, 34, 255, 106, 200, 126, 255, 152, 255, 181, 247, 157, 255, 186, 255, 147, 255, 175, 255, 150, 255, 179, 255, 150, 255, 179, 255, 152, 255, 180, 255, 144, 255, 172, 255, 130, 245, 154, 255, 136, 255, 163, 255, 146, 255, 173, 255, 97, 184, 115, 255, 13, 25, 15, 255, 15, 27, 18, 255, 84, 154, 99, 255, 90, 167, 106, 255, 12, 25, 15, 255, 0, 0, 0, 255, 0, 0, 0, 255, 0, 0, 0, 255, 0, 0, 0, 255, 22, 44, 26, 253, 118, 223, 140, 247, 124, 233, 147, 255, 39, 74, 47, 255, 0, 0, 0, 190, 0, 0, 0, 47, 5, 10, 6, 0, 5, 10, 6, 0, 0, 0, 0, 49, 0, 0, 0, 190, 27, 54, 33, 255, 101, 201, 123, 255, 144, 255, 176, 247, 146, 255, 178, 255, 135, 255, 164, 255, 137, 255, 166, 255, 136, 255, 165, 255, 137, 255, 166, 255, 132, 255, 161, 255, 123, 242, 150, 255, 133, 255, 162, 255, 141, 255, 172, 255, 101, 201, 123, 255, 24, 49, 30, 255, 0, 0, 0, 255, 6, 7, 6, 255, 16, 29, 19, 255, 0, 0, 0, 255, 0, 0, 0, 255, 0, 0, 0, 255, 0, 0, 0, 255, 0, 0, 0, 255, 29, 61, 36, 253, 114, 227, 139, 247, 116, 230, 142, 255, 37, 72, 45, 255, 0, 0, 0, 190, 0, 0, 0, 47, 5, 10, 6, 0, 5, 10, 6, 0, 0, 0, 0, 49, 0, 0, 0, 190, 27, 56, 33, 255, 99, 204, 122, 255, 135, 255, 166, 247, 128, 255, 158, 255, 116, 242, 144, 255, 124, 255, 154, 255, 126, 255, 156, 255, 125, 255, 155, 255, 125, 255, 156, 255, 126, 255, 156, 255, 136, 255, 169, 255, 138, 255, 171, 255, 96, 198, 118, 255, 23, 47, 29, 255, 0, 0, 0, 255, 2, 8, 3, 255, 13, 30, 16, 255, 1, 0, 1, 255, 0, 0, 0, 255, 0, 0, 0, 255, 0, 0, 0, 255, 0, 0, 0, 255, 31, 61, 38, 253, 110, 227, 136, 247, 111, 230, 137, 255, 35, 72, 43, 255, 0, 0, 0, 190, 0, 0, 0, 47, 5, 10, 6, 0, 4, 10, 6, 0, 0, 0, 0, 49, 0, 0, 0, 190, 26, 56, 32, 255, 94, 204, 116, 255, 129, 255, 159, 247, 124, 255, 154, 255, 116, 253, 144, 255, 126, 255, 157, 255, 129, 255, 161, 255, 129, 255, 160, 255, 128, 255, 159, 255, 126, 255, 157, 255, 134, 255, 166, 255, 134, 255, 166, 255, 86, 186, 106, 255, 12, 24, 14, 255, 12, 27, 14, 255, 68, 153, 85, 255, 75, 166, 92, 255, 12, 23, 14, 255, 0, 0, 0, 255, 0, 0, 0, 255, 0, 0, 0, 255, 0, 0, 0, 255, 21, 42, 25, 253, 103, 222, 127, 247, 107, 233, 133, 255, 34, 74, 42, 255, 0, 0, 0, 190, 0, 0, 0, 47, 4, 10, 6, 0, 4, 10, 5, 0, 0, 0, 0, 49, 0, 0, 0, 190, 24, 55, 30, 255, 89, 201, 111, 255, 125, 255, 158, 247, 122, 255, 154, 255, 104, 236, 131, 255, 95, 212, 118, 255, 88, 196, 109, 255, 89, 199, 111, 255, 89, 198, 110, 255, 84, 188, 105, 255, 102, 230, 128, 255, 123, 255, 155, 255, 82, 188, 104, 255, 8, 19, 10, 255, 21, 46, 26, 255, 105, 234, 131, 255, 124, 255, 156, 255, 57, 133, 73, 255, 14, 39, 20, 255, 24, 60, 32, 255, 25, 63, 33, 255, 16, 42, 22, 255, 52, 124, 67, 253, 107, 243, 135, 247, 98, 222, 123, 255, 30, 67, 37, 255, 0, 0, 0, 190, 0, 0, 0, 47, 4, 10, 5, 0, 4, 10, 5, 0, 0, 0, 0, 49, 0, 0, 0, 190, 22, 54, 29, 255, 81, 197, 106, 255, 121, 255, 158, 247, 121, 255, 158, 255, 85, 205, 111, 255, 40, 94, 51, 255, 15, 33, 18, 255, 20, 44, 24, 255, 19, 44, 24, 255, 11, 23, 13, 255, 47, 112, 61, 255, 103, 248, 134, 255, 85, 206, 111, 255, 15, 37, 20, 255, 11, 25, 14, 255, 84, 197, 108, 255, 122, 255, 159, 255, 104, 255, 137, 255, 87, 218, 116, 255, 92, 228, 121, 255, 92, 227, 121, 255, 88, 219, 117, 255, 102, 250, 134, 253, 114, 255, 149, 247, 85, 206, 111, 255, 23, 56, 30, 255, 0, 0, 0, 190, 0, 0, 0, 47, 4, 10, 5, 0, 4, 10, 5, 0, 0, 0, 0, 49, 0, 0, 0, 190, 21, 53, 28, 255, 77, 194, 102, 255, 118, 255, 156, 247, 119, 255, 158, 255, 74, 189, 99, 255, 12, 33, 17, 255, 0, 0, 0, 255, 0, 0, 0, 255, 0, 0, 0, 255, 0, 0, 0, 255, 19, 52, 27, 255, 91, 233, 121, 255, 85, 214, 112, 255, 17, 43, 23, 255, 8, 23, 12, 255, 75, 197, 101, 255, 113, 255, 152, 255, 101, 253, 134, 255, 88, 216, 116, 255, 92, 226, 121, 255, 91, 225, 120, 255, 88, 217, 116, 255, 100, 249, 132, 253, 109, 255, 145, 247, 81, 206, 107, 255, 22, 56, 29, 255, 0, 0, 0, 190, 0, 0, 0, 47, 4, 10, 5, 0, 4, 10, 5, 0, 0, 0, 0, 49, 0, 0, 0, 190, 20, 53, 26, 255, 72, 195, 96, 255, 110, 255, 147, 247, 111, 255, 149, 255, 71, 192, 95, 255, 15, 45, 21, 255, 0, 0, 0, 255, 0, 0, 0, 255, 0, 0, 0, 255, 0, 0, 0, 255, 22, 65, 31, 255, 87, 237, 117, 255, 78, 209, 104, 255, 13, 34, 17, 255, 14, 40, 19, 255, 85, 235, 115, 255, 103, 255, 138, 255, 51, 134, 68, 255, 18, 40, 23, 255, 25, 60, 33, 255, 26, 63, 34, 255, 18, 43, 24, 255, 48, 124, 64, 253, 91, 244, 121, 247, 82, 222, 110, 255, 25, 67, 33, 255, 0, 0, 0, 190, 0, 0, 0, 47, 4, 10, 5, 0, 3, 10, 5, 0, 0, 0, 0, 49, 0, 0, 0, 190, 19, 53, 26, 255, 68, 195, 93, 255, 104, 255, 142, 247, 105, 255, 144, 255, 67, 191, 92, 255, 17, 44, 22, 255, 0, 0, 0, 255, 0, 0, 0, 255, 0, 0, 0, 255, 0, 0, 0, 255, 23, 62, 31, 255, 82, 232, 112, 255, 75, 216, 103, 255, 15, 44, 21, 255, 7, 18, 9, 255, 56, 153, 75, 255, 60, 167, 81, 255, 8, 25, 11, 255, 0, 0, 0, 255, 0, 0, 0, 255, 0, 0, 0, 255, 0, 0, 0, 255, 14, 44, 19, 253, 78, 223, 106, 247, 82, 233, 112, 255, 26, 74, 36, 255, 0, 0, 0, 190, 0, 0, 0, 47, 3, 10, 5, 0, 3, 10, 5, 0, 0, 0, 0, 49, 0, 0, 0, 190, 17, 53, 25, 255, 63, 194, 90, 255, 97, 255, 139, 247, 98, 255, 140, 255, 61, 186, 87, 255, 10, 28, 14, 255, 0, 0, 0, 255, 0, 0, 0, 255, 0, 0, 0, 255, 0, 0, 0, 255, 15, 45, 22, 255, 72, 223, 104, 255, 74, 229, 106, 255, 21, 68, 31, 255, 0, 0, 0, 255, 4, 7, 4, 255, 11, 29, 14, 255, 0, 0, 0, 255, 0, 0, 0, 255, 0, 0, 0, 255, 0, 0, 0, 255, 0, 0, 0, 255, 18, 61, 27, 253, 73, 227, 105, 247, 75, 230, 107, 255, 24, 72, 34, 255, 0, 0, 0, 190, 0, 0, 0, 47, 3, 10, 5, 0, 3, 10, 4, 0, 0, 0, 0, 49, 0, 0, 0, 190, 16, 54, 24, 255, 60, 197, 88, 255, 89, 255, 132, 247, 89, 255, 131, 255, 63, 209, 93, 255, 30, 102, 45, 255, 5, 20, 8, 255, 0, 0, 0, 255, 0, 0, 0, 255, 2, 10, 3, 255, 35, 119, 52, 255, 74, 245, 110, 255, 67, 219, 99, 255, 19, 62, 28, 255, 0, 0, 0, 255, 0, 8, 2, 255, 8, 30, 12, 255, 1, 1, 1, 255, 0, 0, 0, 255, 1, 0, 1, 255, 0, 0, 0, 255, 0, 0, 0, 255, 21, 63, 30, 253, 70, 228, 103, 247, 70, 230, 103, 255, 22, 72, 32, 255, 0, 0, 0, 190, 0, 0, 0, 47, 3, 10, 4, 0, 3, 10, 4, 0, 0, 0, 0, 49, 0, 0, 0, 190, 15, 55, 23, 255, 56, 201, 85, 255, 79, 255, 120, 247, 76, 255, 116, 255, 70, 250, 106, 255, 66, 241, 101, 255, 39, 143, 60, 255, 5, 18, 8, 255, 5, 18, 8, 255, 37, 134, 56, 255, 71, 255, 108, 255, 81, 255, 123, 255, 53, 188, 80, 255, 9, 30, 13, 255, 6, 24, 9, 255, 40, 152, 62, 255, 45, 168, 69, 255, 9, 30, 12, 255, 0, 0, 0, 255, 0, 0, 0, 255, 0, 0, 0, 255, 0, 0, 0, 255, 14, 48, 21, 253, 63, 224, 95, 247, 65, 232, 98, 255, 21, 74, 31, 255, 0, 0, 0, 190, 0, 0, 0, 47, 3, 10, 4, 0, 3, 10, 4, 0, 0, 0, 0, 48, 0, 0, 0, 188, 14, 55, 23, 255, 53, 202, 83, 255, 72, 255, 113, 248, 67, 255, 106, 255, 71, 255, 111, 255, 82, 255, 128, 255, 55, 206, 85, 255, 8, 29, 12, 255, 8, 29, 12, 255, 53, 198, 82, 255, 87, 255, 135, 255, 82, 255, 128, 255, 44, 170, 69, 255, 3, 13, 5, 255, 13, 49, 21, 255, 63, 236, 98, 255, 73, 255, 114, 255, 31, 120, 49, 255, 4, 20, 8, 255, 10, 42, 16, 255, 11, 45, 18, 255, 5, 23, 9, 255, 28, 109, 44, 253, 62, 238, 97, 248, 58, 222, 91, 255, 18, 68, 28, 255, 0, 0, 0, 188, 0, 0, 0, 47, 3, 10, 4, 0, 2, 9, 4, 0, 0, 0, 0, 47, 0, 0, 0, 183, 13, 54, 21, 255, 47, 197, 78, 255, 64, 255, 106, 248, 60, 254, 100, 255, 62, 255, 103, 255, 71, 255, 118, 255, 47, 195, 78, 255, 7, 27, 11, 255, 7, 27, 11, 255, 45, 187, 75, 255, 75, 255, 124, 255, 72, 255, 120, 255, 40, 169, 66, 255, 4, 20, 8, 255, 9, 35, 14, 255, 49, 201, 80, 255, 68, 255, 113, 255, 53, 227, 90, 255, 41, 180, 70, 255, 44, 192, 75, 255, 44, 192, 75, 255, 42, 182, 71, 255, 51, 221, 87, 254, 62, 255, 103, 248, 48, 202, 80, 255, 13, 56, 22, 255, 0, 0, 0, 183, 0, 0, 0, 45, 2, 9, 4, 0, 2, 10, 4, 0, 0, 0, 0, 53, 0, 0, 0, 205, 12, 59, 22, 255, 45, 217, 80, 255, 63, 255, 111, 245, 59, 255, 106, 254, 58, 255, 104, 255, 62, 255, 112, 255, 40, 192, 71, 255, 5, 26, 10, 255, 5, 26, 10, 255, 38, 183, 68, 255, 66, 255, 118, 255, 68, 255, 121, 255, 40, 192, 72, 255, 6, 30, 11, 255, 5, 25, 9, 255, 39, 188, 69, 255, 64, 255, 114, 255, 66, 255, 116, 255, 63, 255, 110, 255, 64, 255, 113, 255, 64, 255, 111, 255, 63, 255, 110, 255, 66, 255, 116, 252, 64, 255, 114, 245, 45, 214, 79, 255, 12, 56, 21, 255, 0, 0, 0, 205, 0, 0, 0, 52, 2, 10, 4, 0, 2, 11, 4, 0, 0, 0, 0, 57, 0, 0, 0, 220, 12, 63, 22, 255, 43, 231, 80, 255, 59, 255, 110, 243, 56, 255, 105, 253, 56, 255, 105, 255, 61, 255, 114, 255, 39, 212, 73, 255, 5, 29, 10, 255, 5, 29, 10, 255, 38, 202, 70, 255, 65, 255, 121, 255, 65, 255, 121, 255, 38, 203, 71, 255, 6, 30, 10, 255, 5, 30, 10, 255, 39, 209, 73, 255, 62, 255, 116, 255, 61, 255, 114, 255, 58, 255, 106, 255, 59, 255, 109, 255, 58, 255, 108, 255, 58, 255, 106, 255, 61, 255, 113, 251, 60, 255, 113, 243, 42, 229, 79, 255, 11, 60, 21, 255, 0, 0, 0, 220, 0, 0, 0, 56, 2, 11, 4, 0, 1, 7, 2, 0, 0, 0, 0, 33, 0, 0, 0, 135, 7, 41, 14, 230, 27, 151, 51, 255, 37, 208, 70, 255, 35, 197, 66, 255, 35, 197, 66, 253, 38, 215, 73, 255, 24, 138, 47, 255, 3, 19, 6, 255, 3, 19, 6, 255, 23, 132, 45, 255, 40, 228, 77, 255, 40, 228, 77, 255, 23, 133, 45, 255, 3, 19, 6, 255, 4, 21, 7, 255, 25, 139, 47, 255, 38, 214, 72, 255, 34, 197, 66, 255, 30, 176, 59, 255, 31, 182, 61, 255, 31, 181, 60, 255, 30, 176, 59, 253, 34, 196, 65, 255, 37, 208, 70, 255, 27, 152, 51, 255, 7, 41, 14, 230, 0, 0, 0, 135, 0, 0, 0, 31, 1, 7, 2, 0, 0, 2, 1, 2, 0, 0, 0, 0, 0, 0, 0, 15, 2, 10, 3, 99, 6, 38, 12, 216, 9, 52, 17, 255, 8, 49, 16, 255, 8, 49, 16, 249, 9, 54, 18, 255, 6, 34, 11, 255, 1, 5, 2, 255, 1, 5, 2, 255, 5, 33, 11, 255, 9, 57, 19, 255, 9, 57, 19, 255, 5, 33, 11, 255, 1, 5, 2, 255, 1, 5, 2, 255, 6, 34, 11, 255, 9, 54, 17, 255, 8, 50, 16, 255, 8, 46, 15, 255, 8, 47, 15, 255, 8, 47, 15, 253, 8, 46, 15, 249, 8, 50, 16, 255, 9, 52, 17, 255, 6, 38, 12, 216, 2, 10, 3, 98, 0, 0, 0, 15, 0, 0, 0, 0, 0, 2, 1, 2, 0, 0, 0, 15, 0, 2, 1, 0, 1, 3, 1, 0, 0, 0, 0, 25, 0, 0, 0, 194, 0, 0, 0, 255, 0, 0, 0, 255, 0, 0, 0, 246, 0, 0, 0, 255, 0, 0, 0, 255, 0, 0, 0, 255, 0, 0, 0, 255, 0, 0, 0, 255, 0, 0, 0, 255, 0, 0, 0, 255, 0, 0, 0, 255, 0, 0, 0, 255, 0, 0, 0, 255, 0, 0, 0, 255, 0, 0, 0, 255, 0, 0, 0, 255, 0, 0, 0, 255, 0, 0, 0, 255, 0, 0, 0, 253, 0, 0, 0, 246, 0, 0, 0, 255, 0, 0, 0, 255, 0, 0, 0, 194, 0, 0, 0, 23, 1, 3, 1, 0, 0, 2, 1, 0, 0, 0, 0, 15),
"format": "RGBA8",
"height": 32,
"mipmaps": false,
"width": 32
},"script":null)
,"script":null,"metadata/path":"res://assets/img/icons/component_icon.png")
,
"res://components/behaviors/": Object(ImageTexture,"resource_local_to_scene":false,"resource_name":"","image":Object(Image,"resource_local_to_scene":false,"resource_name":"","data":{
"data": PackedByteArray(21, 5, 7, 0, 21, 5, 7, 0, 21, 5, 7, 0, 20, 5, 6, 5, 20, 4, 6, 12, 23, 7, 9, 2, 28, 11, 13, 0, 31, 14, 16, 0, 30, 13, 15, 0, 30, 13, 15, 0, 31, 14, 16, 0, 28, 11, 13, 0, 22, 6, 8, 2, 21, 4, 7, 12, 23, 5, 7, 5, 17, 4, 6, 0, 5, 1, 2, 0, 0, 0, 0, 5, 0, 0, 0, 12, 3, 2, 2, 2, 8, 6, 7, 0, 11, 9, 9, 0, 10, 8, 9, 0, 10, 8, 9, 0, 11, 9, 9, 0, 8, 6, 7, 0, 2, 2, 2, 2, 0, 0, 0, 12, 0, 0, 0, 5, 0, 0, 0, 0, 0, 0, 0, 0, 0, 0, 0, 0, 21, 5, 7, 0, 21, 5, 7, 2, 20, 5, 7, 5, 22, 6, 8, 0, 24, 7, 9, 0, 20, 4, 6, 0, 11, 0, 0, 35, 7, 0, 0, 55, 8, 0, 0, 51, 8, 0, 0, 51, 7, 0, 0, 56, 11, 0, 0, 34, 19, 4, 5, 0, 25, 8, 10, 0, 25, 7, 9, 0, 16, 3, 5, 7, 4, 0, 1, 6, 0, 1, 0, 0, 2, 2, 2, 0, 0, 0, 0, 0, 0, 0, 0, 35, 0, 0, 0, 55, 0, 0, 0, 51, 0, 0, 0, 51, 0, 0, 0, 56, 0, 0, 0, 34, 0, 0, 0, 0, 3, 2, 2, 0, 1, 1, 1, 0, 0, 0, 0, 5, 0, 0, 0, 1, 0, 0, 0, 0, 21, 5, 7, 0, 20, 5, 7, 5, 20, 4, 6, 15, 24, 8, 10, 0, 29, 12, 14, 0, 22, 5, 7, 17, 5, 0, 0, 144, 0, 0, 0, 211, 0, 0, 0, 198, 0, 0, 0, 197, 0, 0, 0, 213, 5, 0, 0, 143, 22, 5, 7, 16, 31, 12, 14, 0, 27, 8, 11, 0, 14, 2, 4, 21, 2, 0, 0, 19, 1, 2, 2, 0, 8, 6, 7, 0, 2, 0, 0, 17, 0, 0, 0, 144, 0, 0, 0, 211, 0, 0, 0, 198, 0, 0, 0, 197, 0, 0, 0, 213, 0, 0, 0, 143, 1, 0, 0, 16, 9, 7, 7, 0, 4, 3, 3, 0, 0, 0, 0, 15, 0, 0, 0, 3, 0, 0, 0, 0, 20, 4, 6, 7, 23, 6, 8, 0, 26, 9, 11, 0, 15, 0, 2, 0, 3, 0, 0, 15, 18, 5, 7, 113, 57, 39, 42, 247, 79, 58, 61, 255, 74, 54, 57, 255, 74, 54, 57, 255, 79, 58, 61, 255, 57, 39, 41, 245, 17, 5, 6, 111, 4, 0, 0, 17, 17, 0, 2, 0, 24, 9, 11, 0, 11, 6, 7, 0, 0, 0, 0, 0, 0, 0, 0, 16, 0, 0, 0, 112, 40, 35, 36, 247, 63, 54, 55, 255, 58, 50, 51, 255, 58, 50, 51, 255, 63, 54, 56, 255, 39, 35, 36, 245, 0, 0, 0, 111, 0, 0, 0, 15, 0, 0, 0, 0, 5, 4, 4, 0, 1, 1, 1, 0, 0, 0, 0, 7, 18, 3, 5, 21, 25, 8, 10, 0, 35, 16, 19, 0, 9, 0, 0, 14, 0, 0, 0, 146, 37, 23, 25, 242, 162, 133, 137, 255, 228, 191, 197, 255, 215, 179, 185, 255, 214, 178, 184, 255, 230, 192, 198, 255, 161, 132, 136, 255, 36, 22, 24, 241, 0, 0, 0, 149, 8, 0, 0, 23, 37, 20, 22, 0, 25, 16, 17, 0, 0, 0, 0, 24, 0, 0, 0, 149, 19, 19, 19, 241, 154, 131, 135, 255, 226, 190, 196, 255, 212, 178, 184, 255, 210, 177, 183, 255, 228, 192, 198, 255, 152, 130, 134, 255, 17, 18, 18, 242, 0, 0, 0, 146, 0, 0, 0, 12, 16, 11, 12, 0, 4, 2, 3, 0, 0, 0, 0, 21, 27, 8, 11, 0, 17, 2, 4, 0, 11, 0, 0, 13, 5, 0, 0, 115, 34, 12, 15, 243, 121, 85, 90, 255, 241, 191, 198, 255, 255, 241, 250, 237, 255, 232, 241, 246, 255, 231, 239, 245, 255, 243, 252, 237, 239, 189, 197, 255, 119, 84, 89, 255, 37, 13, 16, 239, 10, 0, 0, 109, 0, 0, 0, 15, 0, 0, 0, 13, 0, 0, 0, 110, 14, 8, 8, 238, 109, 82, 86, 255, 239, 190, 198, 255, 255, 242, 251, 237, 255, 233, 242, 246, 255, 231, 240, 245, 255, 244, 253, 237, 238, 189, 197, 255, 108, 81, 85, 255, 15, 7, 8, 243, 0, 0, 0, 114, 0, 0, 0, 13, 0, 0, 0, 0, 5, 3, 3, 0, 35, 14, 17, 0, 8, 0, 0, 13, 0, 0, 0, 137, 35, 15, 17, 251, 156, 103, 110, 255, 243, 169, 180, 255, 255, 196, 208, 255, 255, 198, 209, 251, 255, 199, 211, 254, 255, 198, 209, 254, 255, 198, 210, 251, 255, 195, 206, 255, 241, 168, 179, 255, 159, 105, 112, 255, 45, 21, 23, 220, 0, 0, 0, 191, 0, 0, 0, 190, 21, 16, 17, 221, 147, 101, 108, 255, 242, 169, 180, 255, 255, 197, 208, 255, 255, 198, 210, 251, 255, 200, 211, 254, 255, 198, 210, 254, 255, 199, 210, 251, 255, 195, 207, 255, 242, 169, 180, 255, 147, 101, 107, 255, 13, 9, 9, 251, 0, 0, 0, 137, 0, 0, 0, 12, 12, 8, 9, 0, 16, 5, 6, 23, 14, 2, 4, 99, 35, 14, 18, 227, 125, 79, 87, 255, 243, 165, 179, 255, 255, 200, 216, 239, 255, 180, 195, 251, 238, 156, 171, 255, 245, 162, 177, 255, 243, 160, 175, 255, 236, 155, 169, 255, 255, 178, 193, 251, 255, 201, 217, 245, 241, 163, 177, 253, 124, 77, 86, 255, 30, 12, 16, 255, 18, 8, 11, 255, 108, 74, 81, 255, 237, 162, 176, 253, 255, 201, 218, 245, 255, 179, 195, 251, 235, 155, 169, 255, 244, 161, 176, 255, 243, 160, 175, 255, 236, 155, 170, 255, 255, 178, 194, 250, 255, 201, 218, 238, 242, 165, 179, 255, 111, 75, 82, 255, 17, 10, 12, 227, 0, 0, 0, 98, 2, 1, 1, 23, 0, 0, 0, 193, 38, 23, 26, 217, 148, 94, 106, 255, 250, 161, 181, 255, 255, 180, 200, 255, 255, 177, 197, 251, 255, 171, 191, 254, 250, 161, 180, 255, 248, 161, 180, 255, 245, 159, 178, 255, 242, 157, 176, 255, 255, 167, 187, 254, 255, 180, 200, 253, 255, 171, 191, 255, 224, 145, 163, 255, 195, 124, 140, 255, 191, 123, 139, 255, 221, 144, 161, 255, 255, 171, 191, 255, 255, 180, 200, 253, 255, 168, 187, 254, 242, 157, 176, 255, 245, 159, 178, 255, 248, 161, 180, 255, 249, 161, 180, 255, 255, 170, 190, 253, 255, 177, 197, 251, 255, 180, 200, 255, 247, 161, 180, 255, 144, 93, 105, 255, 33, 21, 24, 217, 0, 0, 0, 193, 0, 0, 0, 255, 57, 36, 40, 255, 212, 135, 153, 255, 255, 198, 224, 244, 255, 172, 196, 251, 236, 149, 169, 255, 248, 157, 179, 255, 255, 164, 186, 255, 255, 169, 192, 255, 255, 174, 197, 255, 255, 175, 198, 255, 255, 166, 189, 255, 248, 156, 178, 255, 250, 158, 180, 253, 255, 172, 194, 249, 255, 183, 207, 246, 255, 184, 207, 246, 255, 172, 195, 249, 250, 158, 180, 253, 247, 156, 177, 255, 255, 166, 189, 255, 255, 175, 198, 255, 255, 174, 197, 255, 255, 169, 192, 255, 255, 164, 187, 255, 246, 156, 177, 255, 235, 148, 169, 255, 255, 172, 196, 251, 255, 198, 225, 244, 213, 136, 153, 255, 54, 35, 39, 255, 0, 0, 0, 255, 0, 0, 0, 255, 65, 35, 41, 255, 207, 126, 143, 255, 255, 186, 213, 253, 255, 169, 193, 254, 241, 146, 168, 255, 243, 148, 170, 255, 255, 155, 178, 255, 255, 168, 192, 255, 255, 177, 203, 255, 255, 178, 204, 255, 255, 167, 191, 255, 253, 154, 176, 255, 248, 151, 173, 255, 255, 161, 184, 255, 255, 170, 193, 255, 255, 170, 194, 255, 255, 161, 184, 255, 248, 151, 173, 255, 253, 154, 176, 255, 255, 167, 191, 255, 255, 178, 204, 255, 255, 178, 203, 255, 255, 168, 192, 255, 255, 155, 178, 255, 241, 147, 168, 255, 240, 146, 167, 255, 255, 170, 194, 254, 255, 187, 214, 253, 204, 125, 142, 255, 52, 32, 36, 255, 0, 0, 0, 255, 0, 0, 0, 246, 66, 32, 38, 249, 190, 109, 125, 253, 255, 163, 187, 255, 255, 155, 178, 255, 255, 150, 172, 255, 255, 162, 185, 255, 255, 149, 171, 255, 207, 123, 141, 255, 171, 103, 118, 255, 170, 103, 117, 255, 208, 123, 141, 255, 255, 150, 172, 255, 255, 160, 184, 255, 255, 151, 173, 255, 241, 140, 161, 255, 241, 140, 161, 255, 255, 150, 172, 255, 255, 160, 184, 255, 255, 150, 172, 255, 208, 123, 141, 255, 171, 103, 118, 255, 170, 103, 117, 255, 208, 123, 141, 255, 255, 149, 171, 255, 255, 160, 184, 255, 255, 151, 172, 255, 255, 156, 178, 255, 255, 164, 189, 255, 184, 107, 123, 253, 45, 26, 30, 249, 0, 0, 0, 246, 0, 0, 0, 255, 67, 32, 37, 255, 196, 108, 125, 255, 255, 160, 184, 255, 255, 146, 168, 255, 255, 151, 174, 255, 255, 172, 198, 255, 239, 133, 153, 255, 90, 51, 59, 255, 0, 0, 0, 255, 0, 0, 0, 255, 91, 52, 60, 255, 239, 133, 153, 255, 255, 172, 198, 255, 255, 157, 181, 255, 240, 135, 155, 255, 241, 136, 156, 255, 255, 156, 180, 255, 255, 172, 198, 255, 239, 133, 153, 255, 90, 51, 59, 255, 0, 0, 0, 255, 0, 0, 0, 255, 91, 52, 60, 255, 239, 133, 153, 255, 255, 171, 197, 255, 255, 152, 175, 255, 255, 147, 169, 255, 255, 162, 186, 255, 191, 107, 123, 255, 47, 27, 30, 255, 0, 0, 0, 255, 0, 0, 0, 253, 65, 30, 36, 253, 192, 103, 118, 255, 255, 158, 181, 255, 255, 149, 171, 255, 243, 133, 152, 255, 217, 120, 137, 255, 147, 81, 93, 255, 60, 32, 36, 255, 4, 0, 0, 255, 2, 0, 0, 255, 61, 32, 37, 255, 146, 81, 93, 255, 216, 120, 137, 255, 250, 137, 157, 255, 255, 141, 162, 255, 255, 142, 163, 255, 248, 136, 156, 255, 217, 120, 137, 255, 147, 81, 93, 255, 60, 32, 36, 255, 4, 0, 0, 255, 2, 0, 0, 255, 61, 32, 37, 255, 146, 81, 93, 255, 215, 119, 136, 255, 244, 134, 153, 255, 255, 149, 171, 255, 255, 160, 183, 255, 186, 102, 117, 255, 47, 25, 29, 253, 0, 0, 0, 253, 0, 0, 0, 246, 64, 28, 34, 249, 183, 95, 109, 253, 255, 156, 179, 255, 255, 156, 179, 255, 191, 100, 115, 255, 56, 31, 35, 255, 34, 19, 21, 255, 132, 68, 78, 255, 220, 112, 130, 255, 220, 112, 129, 255, 133, 68, 79, 255, 34, 19, 22, 255, 56, 31, 35, 255, 190, 100, 115, 255, 255, 155, 179, 255, 255, 156, 180, 255, 190, 100, 115, 255, 56, 31, 35, 255, 34, 19, 21, 255, 132, 68, 78, 255, 220, 112, 130, 255, 220, 112, 129, 255, 133, 68, 79, 255, 34, 19, 21, 255, 56, 31, 35, 255, 190, 100, 115, 255, 255, 156, 180, 255, 255, 157, 181, 255, 177, 93, 107, 253, 45, 24, 27, 249, 0, 0, 0, 246, 0, 0, 0, 255, 64, 28, 34, 255, 199, 99, 116, 255, 255, 160, 187, 253, 255, 155, 182, 254, 182, 91, 107, 255, 46, 21, 26, 255, 58, 27, 33, 255, 212, 108, 126, 255, 255, 174, 203, 255, 255, 174, 203, 255, 211, 107, 125, 255, 57, 27, 33, 255, 47, 21, 26, 255, 184, 92, 108, 255, 255, 153, 179, 255, 255, 153, 179, 255, 185, 92, 109, 255, 47, 22, 27, 255, 56, 27, 33, 255, 210, 107, 125, 255, 255, 173, 202, 255, 255, 174, 203, 255, 213, 108, 126, 255, 58, 27, 33, 255, 45, 21, 26, 255, 181, 91, 106, 255, 255, 155, 182, 254, 255, 161, 189, 253, 196, 98, 115, 255, 51, 25, 30, 255, 0, 0, 0, 255, 0, 0, 0, 255, 57, 27, 32, 255, 209, 100, 120, 255, 255, 152, 183, 251, 255, 139, 167, 253, 224, 107, 129, 255, 189, 88, 108, 255, 197, 93, 113, 255, 248, 119, 144, 255, 255, 140, 168, 255, 255, 138, 165, 255, 240, 116, 140, 255, 194, 91, 111, 255, 192, 90, 109, 255, 233, 111, 134, 255, 255, 130, 156, 255, 255, 130, 156, 255, 234, 111, 135, 255, 192, 90, 109, 255, 194, 91, 111, 255, 240, 116, 140, 255, 255, 138, 165, 255, 255, 140, 168, 255, 249, 119, 144, 255, 197, 93, 113, 255, 187, 88, 107, 255, 224, 107, 129, 255, 255, 139, 167, 253, 255, 153, 184, 251, 210, 100, 121, 255, 54, 26, 31, 255, 0, 0, 0, 255, 0, 0, 0, 195, 35, 17, 20, 211, 150, 69, 85, 240, 243, 112, 137, 255, 253, 116, 143, 255, 255, 121, 148, 254, 255, 135, 164, 255, 255, 131, 160, 255, 255, 119, 145, 255, 244, 111, 136, 255, 255, 115, 142, 255, 255, 125, 154, 255, 255, 134, 163, 255, 255, 132, 160, 255, 255, 122, 149, 255, 247, 114, 139, 255, 248, 114, 140, 255, 255, 122, 149, 255, 255, 132, 161, 255, 255, 134, 163, 255, 255, 125, 154, 255, 255, 115, 142, 255, 244, 111, 136, 255, 255, 118, 145, 255, 255, 131, 160, 255, 255, 134, 163, 255, 255, 122, 148, 254, 251, 116, 142, 255, 238, 110, 135, 255, 146, 68, 83, 240, 34, 16, 20, 211, 0, 0, 0, 195, 0, 0, 0, 27, 3, 1, 1, 89, 36, 13, 17, 197, 118, 49, 61, 255, 214, 93, 115, 255, 255, 119, 147, 250, 255, 125, 153, 255, 255, 116, 143, 255, 255, 112, 138, 255, 255, 113, 140, 255, 255, 122, 151, 255, 255, 125, 155, 255, 255, 121, 149, 255, 255, 115, 140, 255, 249, 110, 135, 255, 247, 108, 133, 255, 252, 110, 136, 255, 255, 113, 139, 255, 255, 115, 141, 255, 255, 121, 148, 255, 255, 125, 155, 255, 255, 122, 151, 255, 255, 113, 140, 255, 254, 112, 138, 255, 255, 116, 143, 255, 255, 124, 153, 254, 255, 120, 147, 250, 208, 91, 113, 255, 99, 44, 55, 255, 21, 10, 12, 197, 0, 0, 0, 88, 1, 0, 0, 27, 12, 6, 7, 0, 0, 0, 0, 31, 0, 0, 0, 196, 53, 18, 23, 255, 215, 88, 110, 255, 255, 122, 152, 243, 255, 111, 139, 253, 242, 100, 125, 255, 255, 109, 136, 255, 237, 100, 124, 255, 193, 83, 102, 255, 194, 83, 102, 255, 242, 100, 125, 255, 255, 113, 143, 255, 255, 114, 143, 255, 255, 110, 138, 255, 255, 107, 133, 255, 255, 108, 135, 255, 255, 111, 140, 255, 245, 101, 127, 255, 195, 83, 103, 255, 193, 83, 102, 255, 237, 100, 124, 255, 255, 108, 135, 255, 241, 100, 125, 255, 255, 110, 138, 251, 255, 123, 154, 243, 211, 87, 109, 255, 34, 13, 17, 255, 0, 0, 0, 196, 0, 0, 0, 30, 15, 6, 8, 0, 13, 5, 7, 0, 0, 0, 0, 41, 0, 0, 0, 209, 52, 18, 24, 255, 223, 86, 111, 255, 255, 118, 152, 236, 255, 105, 135, 251, 253, 100, 128, 255, 255, 111, 143, 255, 192, 76, 97, 255, 46, 20, 24, 255, 57, 24, 30, 255, 219, 85, 109, 255, 255, 126, 162, 255, 255, 120, 155, 255, 255, 105, 135, 255, 250, 98, 126, 255, 255, 108, 139, 255, 255, 122, 157, 255, 224, 87, 112, 255, 58, 24, 30, 255, 46, 20, 25, 255, 192, 76, 97, 255, 255, 110, 142, 255, 252, 100, 128, 255, 255, 105, 134, 249, 255, 120, 154, 236, 223, 86, 111, 255, 46, 16, 22, 255, 0, 0, 0, 209, 0, 0, 0, 40, 14, 6, 7, 0, 7, 3, 3, 0, 0, 0, 0, 41, 0, 0, 0, 145, 44, 18, 23, 244, 158, 60, 78, 255, 239, 90, 117, 255, 255, 98, 129, 255, 255, 105, 137, 250, 255, 109, 142, 253, 193, 72, 94, 255, 56, 19, 26, 255, 38, 13, 18, 255, 140, 54, 70, 255, 204, 80, 103, 255, 187, 73, 95, 255, 199, 76, 99, 255, 243, 91, 119, 255, 255, 97, 127, 255, 228, 88, 114, 255, 130, 50, 65, 255, 32, 11, 15, 255, 59, 20, 27, 255, 192, 72, 94, 255, 255, 108, 141, 253, 255, 105, 138, 250, 255, 98, 128, 255, 237, 89, 117, 255, 155, 59, 77, 255, 45, 18, 23, 244, 0, 0, 0, 145, 0, 0, 0, 39, 6, 2, 3, 0, 4, 1, 2, 2, 0, 0, 0, 0, 0, 0, 0, 16, 0, 0, 0, 111, 31, 10, 14, 242, 122, 42, 56, 255, 243, 84, 112, 255, 255, 103, 138, 238, 255, 96, 127, 251, 235, 82, 110, 255, 213, 72, 98, 255, 148, 50, 68, 255, 61, 22, 30, 255, 0, 1, 1, 255, 0, 0, 0, 255, 94, 34, 45, 255, 237, 83, 111, 255, 221, 78, 104, 255, 74, 28, 36, 255, 25, 10, 13, 255, 132, 44, 60, 255, 218, 74, 100, 255, 235, 82, 110, 255, 255, 95, 127, 250, 255, 105, 140, 238, 238, 83, 111, 255, 107, 38, 51, 255, 17, 7, 9, 242, 0, 0, 0, 110, 1, 0, 1, 16, 0, 0, 0, 0, 2, 1, 1, 2, 0, 0, 0, 12, 2, 1, 1, 0, 10, 3, 5, 0, 0, 0, 0, 15, 0, 0, 0, 145, 36, 9, 13, 241, 156, 52, 70, 255, 238, 79, 108, 255, 255, 86, 117, 255, 255, 95, 130, 250, 255, 106, 143, 253, 234, 79, 106, 255, 87, 28, 38, 255, 0, 0, 0, 255, 0, 0, 0, 255, 99, 31, 43, 255, 240, 79, 108, 255, 214, 70, 95, 255, 60, 18, 25, 255, 50, 15, 21, 255, 218, 73, 99, 255, 255, 108, 145, 253, 255, 96, 131, 250, 255, 85, 116, 255, 239, 80, 108, 255, 145, 49, 66, 255, 13, 4, 5, 241, 0, 0, 0, 145, 0, 0, 0, 13, 9, 3, 4, 0, 2, 1, 1, 0, 0, 0, 0, 12, 0, 0, 0, 5, 2, 1, 1, 0, 15, 4, 5, 0, 14, 3, 4, 0, 8, 0, 0, 12, 4, 0, 0, 110, 33, 9, 13, 243, 120, 37, 51, 255, 239, 73, 102, 255, 255, 92, 129, 238, 255, 91, 126, 251, 239, 75, 103, 255, 197, 60, 83, 255, 166, 48, 68, 255, 168, 48, 69, 255, 209, 61, 87, 255, 252, 76, 106, 255, 241, 73, 102, 255, 190, 56, 79, 255, 183, 55, 77, 255, 233, 73, 101, 255, 255, 92, 126, 250, 255, 93, 130, 238, 237, 72, 101, 255, 108, 34, 47, 255, 12, 5, 6, 241, 0, 0, 0, 109, 0, 0, 0, 12, 0, 0, 0, 0, 4, 1, 2, 0, 1, 0, 1, 0, 0, 0, 0, 5, 2, 1, 1, 0, 8, 2, 2, 5, 17, 4, 5, 15, 30, 8, 11, 0, 38, 11, 15, 0, 9, 2, 2, 14, 0, 0, 0, 145, 34, 8, 12, 241, 156, 46, 64, 255, 237, 69, 98, 255, 255, 74, 106, 255, 255, 76, 111, 249, 255, 86, 124, 252, 255, 90, 128, 254, 255, 90, 126, 255, 255, 83, 116, 255, 252, 75, 106, 255, 255, 77, 110, 255, 255, 86, 123, 254, 255, 88, 126, 251, 255, 78, 112, 249, 255, 73, 106, 255, 236, 69, 98, 255, 146, 43, 61, 255, 12, 3, 4, 241, 0, 0, 0, 144, 0, 0, 0, 12, 17, 6, 8, 0, 4, 1, 2, 0, 0, 0, 0, 15, 0, 0, 0, 4, 0, 0, 0, 0, 16, 4, 5, 0, 18, 4, 6, 1, 21, 5, 7, 4, 24, 6, 8, 0, 25, 6, 9, 0, 15, 3, 4, 0, 8, 0, 1, 12, 4, 0, 0, 110, 33, 9, 12, 243, 119, 32, 47, 255, 238, 63, 95, 255, 255, 80, 121, 236, 255, 82, 124, 244, 255, 78, 116, 250, 255, 78, 114, 253, 255, 74, 107, 255, 243, 70, 101, 255, 255, 72, 105, 253, 255, 76, 114, 250, 255, 84, 126, 243, 255, 82, 123, 236, 234, 62, 93, 255, 106, 29, 43, 255, 13, 4, 5, 241, 0, 0, 0, 109, 0, 0, 0, 12, 0, 0, 0, 0, 4, 1, 2, 0, 1, 0, 1, 0, 0, 0, 0, 4, 0, 0, 0, 1, 0, 0, 0, 0, 24, 6, 8, 0, 23, 5, 8, 0, 21, 5, 7, 0, 19, 5, 6, 6, 19, 4, 6, 17, 26, 7, 9, 0, 36, 10, 14, 0, 9, 2, 3, 14, 0, 0, 0, 146, 38, 9, 14, 242, 165, 41, 64, 255, 224, 58, 89, 255, 209, 54, 83, 255, 205, 49, 78, 255, 246, 55, 91, 255, 255, 59, 100, 252, 255, 61, 103, 252, 253, 57, 94, 255, 204, 50, 78, 255, 203, 52, 80, 255, 221, 57, 88, 255, 156, 39, 61, 255, 17, 4, 6, 242, 0, 0, 0, 145, 0, 0, 0, 12, 17, 5, 7, 0, 4, 1, 2, 0, 0, 0, 0, 17, 0, 0, 0, 4, 0, 0, 0, 0, 0, 0, 0, 0, 0, 0, 0, 0, 23, 5, 8, 0, 22, 5, 7, 0, 21, 5, 7, 0, 21, 5, 7, 2, 20, 5, 7, 4, 23, 5, 8, 0, 25, 6, 9, 0, 14, 3, 4, 0, 1, 0, 0, 13, 18, 3, 5, 111, 62, 14, 22, 246, 65, 18, 26, 255, 52, 16, 22, 255, 112, 21, 38, 255, 236, 35, 72, 255, 255, 46, 97, 249, 255, 46, 99, 249, 234, 35, 72, 255, 100, 19, 34, 255, 34, 11, 16, 255, 46, 13, 19, 255, 45, 10, 16, 244, 0, 0, 0, 110, 0, 0, 0, 13, 0, 0, 0, 0, 4, 1, 2, 0, 1, 0, 1, 0, 0, 0, 0, 4, 0, 0, 0, 1, 0, 0, 0, 0, 0, 0, 0, 0, 0, 0, 0, 0, 20, 5, 7, 0, 21, 5, 7, 0, 21, 5, 7, 0, 21, 5, 7, 0, 21, 5, 7, 0, 20, 5, 7, 5, 19, 5, 6, 16, 24, 6, 8, 0, 29, 7, 10, 0, 24, 6, 8, 17, 11, 2, 2, 146, 0, 0, 0, 209, 0, 0, 0, 198, 39, 4, 10, 197, 149, 16, 40, 240, 227, 25, 62, 255, 227, 24, 61, 255, 138, 14, 36, 238, 20, 0, 3, 197, 0, 0, 0, 196, 0, 0, 0, 209, 0, 0, 0, 145, 1, 1, 1, 16, 9, 3, 4, 0, 4, 1, 1, 0, 0, 0, 0, 15, 0, 0, 0, 4, 0, 0, 0, 0, 0, 0, 0, 0, 0, 0, 0, 0, 0, 0, 0, 0, 0, 0, 0, 0, 21, 5, 7, 0, 21, 5, 7, 0, 21, 5, 7, 0, 21, 5, 7, 0, 21, 5, 7, 0, 21, 5, 7, 1, 21, 5, 7, 4, 22, 5, 7, 0, 23, 5, 8, 0, 18, 4, 6, 0, 11, 2, 3, 40, 1, 0, 0, 42, 0, 0, 0, 30, 20, 3, 5, 88, 52, 7, 14, 206, 71, 8, 19, 255, 61, 6, 16, 255, 31, 1, 7, 205, 0, 0, 0, 88, 0, 0, 0, 30, 0, 0, 0, 40, 0, 0, 0, 39, 0, 0, 0, 0, 2, 0, 1, 0, 1, 0, 0, 0, 0, 0, 0, 4, 0, 0, 0, 1, 0, 0, 0, 0, 0, 0, 0, 0, 0, 0, 0, 0, 0, 0, 0, 0, 0, 0, 0, 0, 21, 5, 7, 0, 21, 5, 7, 0, 21, 5, 7, 0, 21, 5, 7, 0, 21, 5, 7, 0, 21, 5, 7, 0, 21, 5, 7, 0, 20, 5, 7, 5, 20, 5, 7, 12, 23, 5, 8, 4, 27, 7, 10, 0, 33, 8, 12, 0, 34, 8, 12, 0, 23, 7, 9, 27, 2, 5, 3, 187, 0, 1, 0, 255, 0, 0, 0, 255, 0, 0, 0, 186, 0, 1, 1, 27, 15, 3, 6, 0, 14, 3, 5, 0, 6, 2, 3, 0, 2, 1, 1, 2, 0, 0, 0, 12, 0, 0, 0, 5, 0, 0, 0, 0, 0, 0, 0, 0, 0, 0, 0, 0, 0, 0, 0, 0, 0, 0, 0, 0, 0, 0, 0, 0, 0, 0, 0, 0),
"format": "RGBA8",
"height": 32,
"mipmaps": false,
"width": 32
},"script":null)
,"script":null,"metadata/path":"res://assets/img/icons/behavior_icon.png")
,
"res://components/behaviors/BaseBehavior.gd": Object(ImageTexture,"resource_local_to_scene":false,"resource_name":"","image":Object(Image,"resource_local_to_scene":false,"resource_name":"","data":{
"data": PackedByteArray(21, 5, 7, 0, 21, 5, 7, 0, 21, 5, 7, 0, 20, 5, 6, 5, 20, 4, 6, 12, 23, 7, 9, 2, 28, 11, 13, 0, 31, 14, 16, 0, 30, 13, 15, 0, 30, 13, 15, 0, 31, 14, 16, 0, 28, 11, 13, 0, 22, 6, 8, 2, 21, 4, 7, 12, 23, 5, 7, 5, 17, 4, 6, 0, 5, 1, 2, 0, 0, 0, 0, 5, 0, 0, 0, 12, 3, 2, 2, 2, 8, 6, 7, 0, 11, 9, 9, 0, 10, 8, 9, 0, 10, 8, 9, 0, 11, 9, 9, 0, 8, 6, 7, 0, 2, 2, 2, 2, 0, 0, 0, 12, 0, 0, 0, 5, 0, 0, 0, 0, 0, 0, 0, 0, 0, 0, 0, 0, 21, 5, 7, 0, 21, 5, 7, 2, 20, 5, 7, 5, 22, 6, 8, 0, 24, 7, 9, 0, 20, 4, 6, 0, 11, 0, 0, 35, 7, 0, 0, 55, 8, 0, 0, 51, 8, 0, 0, 51, 7, 0, 0, 56, 11, 0, 0, 34, 19, 4, 5, 0, 25, 8, 10, 0, 25, 7, 9, 0, 16, 3, 5, 7, 4, 0, 1, 6, 0, 1, 0, 0, 2, 2, 2, 0, 0, 0, 0, 0, 0, 0, 0, 35, 0, 0, 0, 55, 0, 0, 0, 51, 0, 0, 0, 51, 0, 0, 0, 56, 0, 0, 0, 34, 0, 0, 0, 0, 3, 2, 2, 0, 1, 1, 1, 0, 0, 0, 0, 5, 0, 0, 0, 1, 0, 0, 0, 0, 21, 5, 7, 0, 20, 5, 7, 5, 20, 4, 6, 15, 24, 8, 10, 0, 29, 12, 14, 0, 22, 5, 7, 17, 5, 0, 0, 144, 0, 0, 0, 211, 0, 0, 0, 198, 0, 0, 0, 197, 0, 0, 0, 213, 5, 0, 0, 143, 22, 5, 7, 16, 31, 12, 14, 0, 27, 8, 11, 0, 14, 2, 4, 21, 2, 0, 0, 19, 1, 2, 2, 0, 8, 6, 7, 0, 2, 0, 0, 17, 0, 0, 0, 144, 0, 0, 0, 211, 0, 0, 0, 198, 0, 0, 0, 197, 0, 0, 0, 213, 0, 0, 0, 143, 1, 0, 0, 16, 9, 7, 7, 0, 4, 3, 3, 0, 0, 0, 0, 15, 0, 0, 0, 3, 0, 0, 0, 0, 20, 4, 6, 7, 23, 6, 8, 0, 26, 9, 11, 0, 15, 0, 2, 0, 3, 0, 0, 15, 18, 5, 7, 113, 57, 39, 42, 247, 79, 58, 61, 255, 74, 54, 57, 255, 74, 54, 57, 255, 79, 58, 61, 255, 57, 39, 41, 245, 17, 5, 6, 111, 4, 0, 0, 17, 17, 0, 2, 0, 24, 9, 11, 0, 11, 6, 7, 0, 0, 0, 0, 0, 0, 0, 0, 16, 0, 0, 0, 112, 40, 35, 36, 247, 63, 54, 55, 255, 58, 50, 51, 255, 58, 50, 51, 255, 63, 54, 56, 255, 39, 35, 36, 245, 0, 0, 0, 111, 0, 0, 0, 15, 0, 0, 0, 0, 5, 4, 4, 0, 1, 1, 1, 0, 0, 0, 0, 7, 18, 3, 5, 21, 25, 8, 10, 0, 35, 16, 19, 0, 9, 0, 0, 14, 0, 0, 0, 146, 37, 23, 25, 242, 162, 133, 137, 255, 228, 191, 197, 255, 215, 179, 185, 255, 214, 178, 184, 255, 230, 192, 198, 255, 161, 132, 136, 255, 36, 22, 24, 241, 0, 0, 0, 149, 8, 0, 0, 23, 37, 20, 22, 0, 25, 16, 17, 0, 0, 0, 0, 24, 0, 0, 0, 149, 19, 19, 19, 241, 154, 131, 135, 255, 226, 190, 196, 255, 212, 178, 184, 255, 210, 177, 183, 255, 228, 192, 198, 255, 152, 130, 134, 255, 17, 18, 18, 242, 0, 0, 0, 146, 0, 0, 0, 12, 16, 11, 12, 0, 4, 2, 3, 0, 0, 0, 0, 21, 27, 8, 11, 0, 17, 2, 4, 0, 11, 0, 0, 13, 5, 0, 0, 115, 34, 12, 15, 243, 121, 85, 90, 255, 241, 191, 198, 255, 255, 241, 250, 237, 255, 232, 241, 246, 255, 231, 239, 245, 255, 243, 252, 237, 239, 189, 197, 255, 119, 84, 89, 255, 37, 13, 16, 239, 10, 0, 0, 109, 0, 0, 0, 15, 0, 0, 0, 13, 0, 0, 0, 110, 14, 8, 8, 238, 109, 82, 86, 255, 239, 190, 198, 255, 255, 242, 251, 237, 255, 233, 242, 246, 255, 231, 240, 245, 255, 244, 253, 237, 238, 189, 197, 255, 108, 81, 85, 255, 15, 7, 8, 243, 0, 0, 0, 114, 0, 0, 0, 13, 0, 0, 0, 0, 5, 3, 3, 0, 35, 14, 17, 0, 8, 0, 0, 13, 0, 0, 0, 137, 35, 15, 17, 251, 156, 103, 110, 255, 243, 169, 180, 255, 255, 196, 208, 255, 255, 198, 209, 251, 255, 199, 211, 254, 255, 198, 209, 254, 255, 198, 210, 251, 255, 195, 206, 255, 241, 168, 179, 255, 159, 105, 112, 255, 45, 21, 23, 220, 0, 0, 0, 191, 0, 0, 0, 190, 21, 16, 17, 221, 147, 101, 108, 255, 242, 169, 180, 255, 255, 197, 208, 255, 255, 198, 210, 251, 255, 200, 211, 254, 255, 198, 210, 254, 255, 199, 210, 251, 255, 195, 207, 255, 242, 169, 180, 255, 147, 101, 107, 255, 13, 9, 9, 251, 0, 0, 0, 137, 0, 0, 0, 12, 12, 8, 9, 0, 16, 5, 6, 23, 14, 2, 4, 99, 35, 14, 18, 227, 125, 79, 87, 255, 243, 165, 179, 255, 255, 200, 216, 239, 255, 180, 195, 251, 238, 156, 171, 255, 245, 162, 177, 255, 243, 160, 175, 255, 236, 155, 169, 255, 255, 178, 193, 251, 255, 201, 217, 245, 241, 163, 177, 253, 124, 77, 86, 255, 30, 12, 16, 255, 18, 8, 11, 255, 108, 74, 81, 255, 237, 162, 176, 253, 255, 201, 218, 245, 255, 179, 195, 251, 235, 155, 169, 255, 244, 161, 176, 255, 243, 160, 175, 255, 236, 155, 170, 255, 255, 178, 194, 250, 255, 201, 218, 238, 242, 165, 179, 255, 111, 75, 82, 255, 17, 10, 12, 227, 0, 0, 0, 98, 2, 1, 1, 23, 0, 0, 0, 193, 38, 23, 26, 217, 148, 94, 106, 255, 250, 161, 181, 255, 255, 180, 200, 255, 255, 177, 197, 251, 255, 171, 191, 254, 250, 161, 180, 255, 248, 161, 180, 255, 245, 159, 178, 255, 242, 157, 176, 255, 255, 167, 187, 254, 255, 180, 200, 253, 255, 171, 191, 255, 224, 145, 163, 255, 195, 124, 140, 255, 191, 123, 139, 255, 221, 144, 161, 255, 255, 171, 191, 255, 255, 180, 200, 253, 255, 168, 187, 254, 242, 157, 176, 255, 245, 159, 178, 255, 248, 161, 180, 255, 249, 161, 180, 255, 255, 170, 190, 253, 255, 177, 197, 251, 255, 180, 200, 255, 247, 161, 180, 255, 144, 93, 105, 255, 33, 21, 24, 217, 0, 0, 0, 193, 0, 0, 0, 255, 57, 36, 40, 255, 212, 135, 153, 255, 255, 198, 224, 244, 255, 172, 196, 251, 236, 149, 169, 255, 248, 157, 179, 255, 255, 164, 186, 255, 255, 169, 192, 255, 255, 174, 197, 255, 255, 175, 198, 255, 255, 166, 189, 255, 248, 156, 178, 255, 250, 158, 180, 253, 255, 172, 194, 249, 255, 183, 207, 246, 255, 184, 207, 246, 255, 172, 195, 249, 250, 158, 180, 253, 247, 156, 177, 255, 255, 166, 189, 255, 255, 175, 198, 255, 255, 174, 197, 255, 255, 169, 192, 255, 255, 164, 187, 255, 246, 156, 177, 255, 235, 148, 169, 255, 255, 172, 196, 251, 255, 198, 225, 244, 213, 136, 153, 255, 54, 35, 39, 255, 0, 0, 0, 255, 0, 0, 0, 255, 65, 35, 41, 255, 207, 126, 143, 255, 255, 186, 213, 253, 255, 169, 193, 254, 241, 146, 168, 255, 243, 148, 170, 255, 255, 155, 178, 255, 255, 168, 192, 255, 255, 177, 203, 255, 255, 178, 204, 255, 255, 167, 191, 255, 253, 154, 176, 255, 248, 151, 173, 255, 255, 161, 184, 255, 255, 170, 193, 255, 255, 170, 194, 255, 255, 161, 184, 255, 248, 151, 173, 255, 253, 154, 176, 255, 255, 167, 191, 255, 255, 178, 204, 255, 255, 178, 203, 255, 255, 168, 192, 255, 255, 155, 178, 255, 241, 147, 168, 255, 240, 146, 167, 255, 255, 170, 194, 254, 255, 187, 214, 253, 204, 125, 142, 255, 52, 32, 36, 255, 0, 0, 0, 255, 0, 0, 0, 246, 66, 32, 38, 249, 190, 109, 125, 253, 255, 163, 187, 255, 255, 155, 178, 255, 255, 150, 172, 255, 255, 162, 185, 255, 255, 149, 171, 255, 207, 123, 141, 255, 171, 103, 118, 255, 170, 103, 117, 255, 208, 123, 141, 255, 255, 150, 172, 255, 255, 160, 184, 255, 255, 151, 173, 255, 241, 140, 161, 255, 241, 140, 161, 255, 255, 150, 172, 255, 255, 160, 184, 255, 255, 150, 172, 255, 208, 123, 141, 255, 171, 103, 118, 255, 170, 103, 117, 255, 208, 123, 141, 255, 255, 149, 171, 255, 255, 160, 184, 255, 255, 151, 172, 255, 255, 156, 178, 255, 255, 164, 189, 255, 184, 107, 123, 253, 45, 26, 30, 249, 0, 0, 0, 246, 0, 0, 0, 255, 67, 32, 37, 255, 196, 108, 125, 255, 255, 160, 184, 255, 255, 146, 168, 255, 255, 151, 174, 255, 255, 172, 198, 255, 239, 133, 153, 255, 90, 51, 59, 255, 0, 0, 0, 255, 0, 0, 0, 255, 91, 52, 60, 255, 239, 133, 153, 255, 255, 172, 198, 255, 255, 157, 181, 255, 240, 135, 155, 255, 241, 136, 156, 255, 255, 156, 180, 255, 255, 172, 198, 255, 239, 133, 153, 255, 90, 51, 59, 255, 0, 0, 0, 255, 0, 0, 0, 255, 91, 52, 60, 255, 239, 133, 153, 255, 255, 171, 197, 255, 255, 152, 175, 255, 255, 147, 169, 255, 255, 162, 186, 255, 191, 107, 123, 255, 47, 27, 30, 255, 0, 0, 0, 255, 0, 0, 0, 253, 65, 30, 36, 253, 192, 103, 118, 255, 255, 158, 181, 255, 255, 149, 171, 255, 243, 133, 152, 255, 217, 120, 137, 255, 147, 81, 93, 255, 60, 32, 36, 255, 4, 0, 0, 255, 2, 0, 0, 255, 61, 32, 37, 255, 146, 81, 93, 255, 216, 120, 137, 255, 250, 137, 157, 255, 255, 141, 162, 255, 255, 142, 163, 255, 248, 136, 156, 255, 217, 120, 137, 255, 147, 81, 93, 255, 60, 32, 36, 255, 4, 0, 0, 255, 2, 0, 0, 255, 61, 32, 37, 255, 146, 81, 93, 255, 215, 119, 136, 255, 244, 134, 153, 255, 255, 149, 171, 255, 255, 160, 183, 255, 186, 102, 117, 255, 47, 25, 29, 253, 0, 0, 0, 253, 0, 0, 0, 246, 64, 28, 34, 249, 183, 95, 109, 253, 255, 156, 179, 255, 255, 156, 179, 255, 191, 100, 115, 255, 56, 31, 35, 255, 34, 19, 21, 255, 132, 68, 78, 255, 220, 112, 130, 255, 220, 112, 129, 255, 133, 68, 79, 255, 34, 19, 22, 255, 56, 31, 35, 255, 190, 100, 115, 255, 255, 155, 179, 255, 255, 156, 180, 255, 190, 100, 115, 255, 56, 31, 35, 255, 34, 19, 21, 255, 132, 68, 78, 255, 220, 112, 130, 255, 220, 112, 129, 255, 133, 68, 79, 255, 34, 19, 21, 255, 56, 31, 35, 255, 190, 100, 115, 255, 255, 156, 180, 255, 255, 157, 181, 255, 177, 93, 107, 253, 45, 24, 27, 249, 0, 0, 0, 246, 0, 0, 0, 255, 64, 28, 34, 255, 199, 99, 116, 255, 255, 160, 187, 253, 255, 155, 182, 254, 182, 91, 107, 255, 46, 21, 26, 255, 58, 27, 33, 255, 212, 108, 126, 255, 255, 174, 203, 255, 255, 174, 203, 255, 211, 107, 125, 255, 57, 27, 33, 255, 47, 21, 26, 255, 184, 92, 108, 255, 255, 153, 179, 255, 255, 153, 179, 255, 185, 92, 109, 255, 47, 22, 27, 255, 56, 27, 33, 255, 210, 107, 125, 255, 255, 173, 202, 255, 255, 174, 203, 255, 213, 108, 126, 255, 58, 27, 33, 255, 45, 21, 26, 255, 181, 91, 106, 255, 255, 155, 182, 254, 255, 161, 189, 253, 196, 98, 115, 255, 51, 25, 30, 255, 0, 0, 0, 255, 0, 0, 0, 255, 57, 27, 32, 255, 209, 100, 120, 255, 255, 152, 183, 251, 255, 139, 167, 253, 224, 107, 129, 255, 189, 88, 108, 255, 197, 93, 113, 255, 248, 119, 144, 255, 255, 140, 168, 255, 255, 138, 165, 255, 240, 116, 140, 255, 194, 91, 111, 255, 192, 90, 109, 255, 233, 111, 134, 255, 255, 130, 156, 255, 255, 130, 156, 255, 234, 111, 135, 255, 192, 90, 109, 255, 194, 91, 111, 255, 240, 116, 140, 255, 255, 138, 165, 255, 255, 140, 168, 255, 249, 119, 144, 255, 197, 93, 113, 255, 187, 88, 107, 255, 224, 107, 129, 255, 255, 139, 167, 253, 255, 153, 184, 251, 210, 100, 121, 255, 54, 26, 31, 255, 0, 0, 0, 255, 0, 0, 0, 195, 35, 17, 20, 211, 150, 69, 85, 240, 243, 112, 137, 255, 253, 116, 143, 255, 255, 121, 148, 254, 255, 135, 164, 255, 255, 131, 160, 255, 255, 119, 145, 255, 244, 111, 136, 255, 255, 115, 142, 255, 255, 125, 154, 255, 255, 134, 163, 255, 255, 132, 160, 255, 255, 122, 149, 255, 247, 114, 139, 255, 248, 114, 140, 255, 255, 122, 149, 255, 255, 132, 161, 255, 255, 134, 163, 255, 255, 125, 154, 255, 255, 115, 142, 255, 244, 111, 136, 255, 255, 118, 145, 255, 255, 131, 160, 255, 255, 134, 163, 255, 255, 122, 148, 254, 251, 116, 142, 255, 238, 110, 135, 255, 146, 68, 83, 240, 34, 16, 20, 211, 0, 0, 0, 195, 0, 0, 0, 27, 3, 1, 1, 89, 36, 13, 17, 197, 118, 49, 61, 255, 214, 93, 115, 255, 255, 119, 147, 250, 255, 125, 153, 255, 255, 116, 143, 255, 255, 112, 138, 255, 255, 113, 140, 255, 255, 122, 151, 255, 255, 125, 155, 255, 255, 121, 149, 255, 255, 115, 140, 255, 249, 110, 135, 255, 247, 108, 133, 255, 252, 110, 136, 255, 255, 113, 139, 255, 255, 115, 141, 255, 255, 121, 148, 255, 255, 125, 155, 255, 255, 122, 151, 255, 255, 113, 140, 255, 254, 112, 138, 255, 255, 116, 143, 255, 255, 124, 153, 254, 255, 120, 147, 250, 208, 91, 113, 255, 99, 44, 55, 255, 21, 10, 12, 197, 0, 0, 0, 88, 1, 0, 0, 27, 12, 6, 7, 0, 0, 0, 0, 31, 0, 0, 0, 196, 53, 18, 23, 255, 215, 88, 110, 255, 255, 122, 152, 243, 255, 111, 139, 253, 242, 100, 125, 255, 255, 109, 136, 255, 237, 100, 124, 255, 193, 83, 102, 255, 194, 83, 102, 255, 242, 100, 125, 255, 255, 113, 143, 255, 255, 114, 143, 255, 255, 110, 138, 255, 255, 107, 133, 255, 255, 108, 135, 255, 255, 111, 140, 255, 245, 101, 127, 255, 195, 83, 103, 255, 193, 83, 102, 255, 237, 100, 124, 255, 255, 108, 135, 255, 241, 100, 125, 255, 255, 110, 138, 251, 255, 123, 154, 243, 211, 87, 109, 255, 34, 13, 17, 255, 0, 0, 0, 196, 0, 0, 0, 30, 15, 6, 8, 0, 13, 5, 7, 0, 0, 0, 0, 41, 0, 0, 0, 209, 52, 18, 24, 255, 223, 86, 111, 255, 255, 118, 152, 236, 255, 105, 135, 251, 253, 100, 128, 255, 255, 111, 143, 255, 192, 76, 97, 255, 46, 20, 24, 255, 57, 24, 30, 255, 219, 85, 109, 255, 255, 126, 162, 255, 255, 120, 155, 255, 255, 105, 135, 255, 250, 98, 126, 255, 255, 108, 139, 255, 255, 122, 157, 255, 224, 87, 112, 255, 58, 24, 30, 255, 46, 20, 25, 255, 192, 76, 97, 255, 255, 110, 142, 255, 252, 100, 128, 255, 255, 105, 134, 249, 255, 120, 154, 236, 223, 86, 111, 255, 46, 16, 22, 255, 0, 0, 0, 209, 0, 0, 0, 40, 14, 6, 7, 0, 7, 3, 3, 0, 0, 0, 0, 41, 0, 0, 0, 145, 44, 18, 23, 244, 158, 60, 78, 255, 239, 90, 117, 255, 255, 98, 129, 255, 255, 105, 137, 250, 255, 109, 142, 253, 193, 72, 94, 255, 56, 19, 26, 255, 38, 13, 18, 255, 140, 54, 70, 255, 204, 80, 103, 255, 187, 73, 95, 255, 199, 76, 99, 255, 243, 91, 119, 255, 255, 97, 127, 255, 228, 88, 114, 255, 130, 50, 65, 255, 32, 11, 15, 255, 59, 20, 27, 255, 192, 72, 94, 255, 255, 108, 141, 253, 255, 105, 138, 250, 255, 98, 128, 255, 237, 89, 117, 255, 155, 59, 77, 255, 45, 18, 23, 244, 0, 0, 0, 145, 0, 0, 0, 39, 6, 2, 3, 0, 4, 1, 2, 2, 0, 0, 0, 0, 0, 0, 0, 16, 0, 0, 0, 111, 31, 10, 14, 242, 122, 42, 56, 255, 243, 84, 112, 255, 255, 103, 138, 238, 255, 96, 127, 251, 235, 82, 110, 255, 213, 72, 98, 255, 148, 50, 68, 255, 61, 22, 30, 255, 0, 1, 1, 255, 0, 0, 0, 255, 94, 34, 45, 255, 237, 83, 111, 255, 221, 78, 104, 255, 74, 28, 36, 255, 25, 10, 13, 255, 132, 44, 60, 255, 218, 74, 100, 255, 235, 82, 110, 255, 255, 95, 127, 250, 255, 105, 140, 238, 238, 83, 111, 255, 107, 38, 51, 255, 17, 7, 9, 242, 0, 0, 0, 110, 1, 0, 1, 16, 0, 0, 0, 0, 2, 1, 1, 2, 0, 0, 0, 12, 2, 1, 1, 0, 10, 3, 5, 0, 0, 0, 0, 15, 0, 0, 0, 145, 36, 9, 13, 241, 156, 52, 70, 255, 238, 79, 108, 255, 255, 86, 117, 255, 255, 95, 130, 250, 255, 106, 143, 253, 234, 79, 106, 255, 87, 28, 38, 255, 0, 0, 0, 255, 0, 0, 0, 255, 99, 31, 43, 255, 240, 79, 108, 255, 214, 70, 95, 255, 60, 18, 25, 255, 50, 15, 21, 255, 218, 73, 99, 255, 255, 108, 145, 253, 255, 96, 131, 250, 255, 85, 116, 255, 239, 80, 108, 255, 145, 49, 66, 255, 13, 4, 5, 241, 0, 0, 0, 145, 0, 0, 0, 13, 9, 3, 4, 0, 2, 1, 1, 0, 0, 0, 0, 12, 0, 0, 0, 5, 2, 1, 1, 0, 15, 4, 5, 0, 14, 3, 4, 0, 8, 0, 0, 12, 4, 0, 0, 110, 33, 9, 13, 243, 120, 37, 51, 255, 239, 73, 102, 255, 255, 92, 129, 238, 255, 91, 126, 251, 239, 75, 103, 255, 197, 60, 83, 255, 166, 48, 68, 255, 168, 48, 69, 255, 209, 61, 87, 255, 252, 76, 106, 255, 241, 73, 102, 255, 190, 56, 79, 255, 183, 55, 77, 255, 233, 73, 101, 255, 255, 92, 126, 250, 255, 93, 130, 238, 237, 72, 101, 255, 108, 34, 47, 255, 12, 5, 6, 241, 0, 0, 0, 109, 0, 0, 0, 12, 0, 0, 0, 0, 4, 1, 2, 0, 1, 0, 1, 0, 0, 0, 0, 5, 2, 1, 1, 0, 8, 2, 2, 5, 17, 4, 5, 15, 30, 8, 11, 0, 38, 11, 15, 0, 9, 2, 2, 14, 0, 0, 0, 145, 34, 8, 12, 241, 156, 46, 64, 255, 237, 69, 98, 255, 255, 74, 106, 255, 255, 76, 111, 249, 255, 86, 124, 252, 255, 90, 128, 254, 255, 90, 126, 255, 255, 83, 116, 255, 252, 75, 106, 255, 255, 77, 110, 255, 255, 86, 123, 254, 255, 88, 126, 251, 255, 78, 112, 249, 255, 73, 106, 255, 236, 69, 98, 255, 146, 43, 61, 255, 12, 3, 4, 241, 0, 0, 0, 144, 0, 0, 0, 12, 17, 6, 8, 0, 4, 1, 2, 0, 0, 0, 0, 15, 0, 0, 0, 4, 0, 0, 0, 0, 16, 4, 5, 0, 18, 4, 6, 1, 21, 5, 7, 4, 24, 6, 8, 0, 25, 6, 9, 0, 15, 3, 4, 0, 8, 0, 1, 12, 4, 0, 0, 110, 33, 9, 12, 243, 119, 32, 47, 255, 238, 63, 95, 255, 255, 80, 121, 236, 255, 82, 124, 244, 255, 78, 116, 250, 255, 78, 114, 253, 255, 74, 107, 255, 243, 70, 101, 255, 255, 72, 105, 253, 255, 76, 114, 250, 255, 84, 126, 243, 255, 82, 123, 236, 234, 62, 93, 255, 106, 29, 43, 255, 13, 4, 5, 241, 0, 0, 0, 109, 0, 0, 0, 12, 0, 0, 0, 0, 4, 1, 2, 0, 1, 0, 1, 0, 0, 0, 0, 4, 0, 0, 0, 1, 0, 0, 0, 0, 24, 6, 8, 0, 23, 5, 8, 0, 21, 5, 7, 0, 19, 5, 6, 6, 19, 4, 6, 17, 26, 7, 9, 0, 36, 10, 14, 0, 9, 2, 3, 14, 0, 0, 0, 146, 38, 9, 14, 242, 165, 41, 64, 255, 224, 58, 89, 255, 209, 54, 83, 255, 205, 49, 78, 255, 246, 55, 91, 255, 255, 59, 100, 252, 255, 61, 103, 252, 253, 57, 94, 255, 204, 50, 78, 255, 203, 52, 80, 255, 221, 57, 88, 255, 156, 39, 61, 255, 17, 4, 6, 242, 0, 0, 0, 145, 0, 0, 0, 12, 17, 5, 7, 0, 4, 1, 2, 0, 0, 0, 0, 17, 0, 0, 0, 4, 0, 0, 0, 0, 0, 0, 0, 0, 0, 0, 0, 0, 23, 5, 8, 0, 22, 5, 7, 0, 21, 5, 7, 0, 21, 5, 7, 2, 20, 5, 7, 4, 23, 5, 8, 0, 25, 6, 9, 0, 14, 3, 4, 0, 1, 0, 0, 13, 18, 3, 5, 111, 62, 14, 22, 246, 65, 18, 26, 255, 52, 16, 22, 255, 112, 21, 38, 255, 236, 35, 72, 255, 255, 46, 97, 249, 255, 46, 99, 249, 234, 35, 72, 255, 100, 19, 34, 255, 34, 11, 16, 255, 46, 13, 19, 255, 45, 10, 16, 244, 0, 0, 0, 110, 0, 0, 0, 13, 0, 0, 0, 0, 4, 1, 2, 0, 1, 0, 1, 0, 0, 0, 0, 4, 0, 0, 0, 1, 0, 0, 0, 0, 0, 0, 0, 0, 0, 0, 0, 0, 20, 5, 7, 0, 21, 5, 7, 0, 21, 5, 7, 0, 21, 5, 7, 0, 21, 5, 7, 0, 20, 5, 7, 5, 19, 5, 6, 16, 24, 6, 8, 0, 29, 7, 10, 0, 24, 6, 8, 17, 11, 2, 2, 146, 0, 0, 0, 209, 0, 0, 0, 198, 39, 4, 10, 197, 149, 16, 40, 240, 227, 25, 62, 255, 227, 24, 61, 255, 138, 14, 36, 238, 20, 0, 3, 197, 0, 0, 0, 196, 0, 0, 0, 209, 0, 0, 0, 145, 1, 1, 1, 16, 9, 3, 4, 0, 4, 1, 1, 0, 0, 0, 0, 15, 0, 0, 0, 4, 0, 0, 0, 0, 0, 0, 0, 0, 0, 0, 0, 0, 0, 0, 0, 0, 0, 0, 0, 0, 21, 5, 7, 0, 21, 5, 7, 0, 21, 5, 7, 0, 21, 5, 7, 0, 21, 5, 7, 0, 21, 5, 7, 1, 21, 5, 7, 4, 22, 5, 7, 0, 23, 5, 8, 0, 18, 4, 6, 0, 11, 2, 3, 40, 1, 0, 0, 42, 0, 0, 0, 30, 20, 3, 5, 88, 52, 7, 14, 206, 71, 8, 19, 255, 61, 6, 16, 255, 31, 1, 7, 205, 0, 0, 0, 88, 0, 0, 0, 30, 0, 0, 0, 40, 0, 0, 0, 39, 0, 0, 0, 0, 2, 0, 1, 0, 1, 0, 0, 0, 0, 0, 0, 4, 0, 0, 0, 1, 0, 0, 0, 0, 0, 0, 0, 0, 0, 0, 0, 0, 0, 0, 0, 0, 0, 0, 0, 0, 21, 5, 7, 0, 21, 5, 7, 0, 21, 5, 7, 0, 21, 5, 7, 0, 21, 5, 7, 0, 21, 5, 7, 0, 21, 5, 7, 0, 20, 5, 7, 5, 20, 5, 7, 12, 23, 5, 8, 4, 27, 7, 10, 0, 33, 8, 12, 0, 34, 8, 12, 0, 23, 7, 9, 27, 2, 5, 3, 187, 0, 1, 0, 255, 0, 0, 0, 255, 0, 0, 0, 186, 0, 1, 1, 27, 15, 3, 6, 0, 14, 3, 5, 0, 6, 2, 3, 0, 2, 1, 1, 2, 0, 0, 0, 12, 0, 0, 0, 5, 0, 0, 0, 0, 0, 0, 0, 0, 0, 0, 0, 0, 0, 0, 0, 0, 0, 0, 0, 0, 0, 0, 0, 0, 0, 0, 0, 0),
"format": "RGBA8",
"height": 32,
"mipmaps": false,
"width": 32
},"script":null)
,"script":null,"metadata/path":"res://assets/img/icons/behavior_icon.png")
,
"res://registries/": Object(ImageTexture,"resource_local_to_scene":false,"resource_name":"","image":Object(Image,"resource_local_to_scene":false,"resource_name":"","data":{
"data": PackedByteArray(21, 5, 7, 4, 21, 4, 6, 0, 20, 4, 6, 0, 23, 7, 9, 0, 28, 12, 14, 0, 30, 15, 17, 0, 30, 15, 17, 0, 29, 14, 16, 0, 30, 14, 16, 0, 30, 14, 16, 0, 30, 14, 16, 0, 30, 14, 16, 0, 30, 14, 16, 0, 30, 14, 16, 0, 30, 14, 16, 0, 30, 14, 16, 0, 30, 14, 16, 0, 30, 14, 16, 0, 30, 14, 16, 0, 30, 14, 16, 0, 30, 14, 16, 0, 30, 14, 16, 0, 30, 14, 16, 0, 29, 14, 16, 0, 29, 14, 16, 0, 30, 15, 17, 0, 30, 15, 17, 0, 28, 12, 14, 0, 23, 7, 9, 0, 20, 4, 6, 0, 20, 4, 6, 0, 21, 5, 7, 4, 21, 4, 6, 0, 22, 6, 8, 9, 22, 6, 8, 36, 18, 2, 4, 55, 11, 0, 0, 52, 7, 0, 0, 47, 8, 0, 0, 49, 9, 0, 0, 49, 9, 0, 0, 49, 9, 0, 0, 49, 9, 0, 0, 49, 9, 0, 0, 49, 9, 0, 0, 49, 9, 0, 0, 49, 9, 0, 0, 49, 9, 0, 0, 49, 9, 0, 0, 49, 9, 0, 0, 49, 9, 0, 0, 49, 9, 0, 0, 49, 9, 0, 0, 49, 9, 0, 0, 49, 9, 0, 0, 49, 9, 0, 0, 49, 9, 0, 0, 49, 8, 0, 0, 48, 7, 0, 0, 47, 11, 0, 0, 52, 18, 2, 4, 55, 22, 6, 8, 36, 22, 6, 8, 9, 21, 4, 6, 0, 20, 4, 6, 0, 22, 6, 8, 36, 23, 7, 9, 141, 16, 0, 2, 216, 4, 0, 0, 203, 0, 0, 0, 184, 0, 0, 0, 190, 0, 0, 0, 190, 0, 0, 0, 190, 0, 0, 0, 190, 0, 0, 0, 190, 0, 0, 0, 190, 0, 0, 0, 190, 0, 0, 0, 190, 0, 0, 0, 190, 0, 0, 0, 190, 0, 0, 0, 190, 0, 0, 0, 190, 0, 0, 0, 190, 0, 0, 0, 190, 0, 0, 0, 190, 0, 0, 0, 190, 0, 0, 0, 190, 0, 0, 0, 190, 0, 0, 0, 190, 0, 0, 0, 188, 0, 0, 0, 184, 4, 0, 0, 203, 16, 0, 2, 216, 23, 7, 9, 141, 22, 6, 8, 35, 20, 4, 6, 0, 23, 7, 9, 0, 18, 2, 4, 55, 16, 0, 2, 216, 32, 16, 18, 255, 60, 47, 49, 255, 74, 63, 65, 255, 73, 61, 63, 255, 68, 56, 58, 255, 69, 58, 60, 255, 69, 58, 60, 255, 69, 58, 60, 255, 69, 58, 60, 255, 69, 58, 60, 255, 69, 58, 60, 255, 69, 58, 60, 255, 69, 58, 60, 255, 69, 58, 60, 255, 69, 58, 60, 255, 69, 58, 60, 255, 69, 58, 60, 255, 69, 58, 60, 255, 69, 58, 60, 255, 69, 58, 60, 255, 69, 57, 59, 255, 68, 56, 58, 255, 72, 61, 63, 255, 74, 63, 65, 255, 60, 47, 49, 255, 31, 16, 18, 255, 16, 0, 2, 216, 18, 2, 4, 54, 23, 7, 9, 0, 28, 12, 14, 0, 11, 0, 0, 52, 4, 0, 0, 203, 60, 47, 49, 255, 162, 158, 160, 255, 217, 218, 220, 255, 211, 211, 213, 255, 193, 192, 194, 255, 199, 198, 200, 255, 199, 198, 200, 255, 199, 198, 200, 255, 199, 198, 200, 255, 199, 198, 200, 255, 199, 198, 200, 255, 199, 198, 200, 255, 199, 198, 200, 255, 199, 198, 200, 255, 199, 198, 200, 255, 199, 198, 200, 255, 199, 198, 200, 255, 199, 198, 200, 255, 199, 198, 200, 255, 199, 198, 200, 255, 197, 196, 198, 255, 193, 192, 194, 255, 209, 209, 211, 255, 217, 218, 220, 255, 162, 158, 160, 255, 58, 46, 48, 255, 4, 0, 0, 203, 10, 0, 0, 50, 28, 12, 14, 0, 30, 15, 17, 0, 8, 0, 0, 47, 0, 0, 0, 184, 74, 63, 65, 255, 216, 217, 221, 255, 255, 255, 255, 240, 255, 255, 255, 247, 255, 255, 255, 247, 255, 255, 255, 247, 255, 255, 255, 247, 255, 255, 255, 247, 255, 255, 255, 247, 255, 255, 255, 247, 255, 255, 255, 247, 255, 255, 255, 247, 255, 255, 255, 247, 255, 255, 255, 247, 255, 255, 255, 247, 255, 255, 255, 247, 255, 255, 255, 247, 255, 255, 255, 247, 255, 255, 255, 247, 255, 255, 255, 247, 255, 255, 255, 247, 255, 255, 255, 247, 255, 255, 255, 245, 255, 255, 255, 240, 216, 217, 221, 255, 73, 61, 64, 255, 0, 0, 0, 184, 6, 0, 0, 46, 30, 15, 17, 0, 30, 15, 17, 0, 8, 0, 0, 49, 0, 0, 0, 190, 73, 61, 64, 255, 211, 211, 216, 255, 255, 255, 255, 247, 255, 255, 255, 255, 245, 248, 255, 255, 255, 255, 255, 255, 255, 255, 255, 255, 255, 255, 255, 255, 255, 255, 255, 255, 252, 255, 255, 255, 252, 255, 255, 255, 255, 255, 255, 255, 255, 255, 255, 255, 255, 255, 255, 255, 255, 255, 255, 255, 252, 255, 255, 255, 252, 255, 255, 255, 255, 255, 255, 255, 255, 255, 255, 255, 255, 255, 255, 255, 254, 255, 255, 255, 245, 248, 255, 255, 255, 255, 255, 253, 255, 255, 255, 247, 211, 211, 216, 255, 72, 60, 63, 255, 0, 0, 0, 190, 6, 0, 0, 47, 30, 15, 17, 0, 29, 14, 16, 0, 9, 0, 0, 49, 0, 0, 0, 190, 67, 55, 56, 255, 191, 189, 188, 255, 255, 255, 255, 247, 255, 255, 255, 255, 247, 249, 245, 255, 243, 245, 243, 255, 234, 236, 235, 255, 234, 236, 235, 255, 242, 244, 242, 254, 252, 254, 251, 253, 252, 254, 251, 253, 242, 244, 242, 254, 234, 236, 235, 255, 234, 236, 235, 255, 242, 244, 242, 254, 252, 254, 251, 253, 252, 254, 251, 253, 242, 245, 242, 254, 234, 236, 235, 255, 234, 236, 235, 255, 241, 243, 241, 255, 247, 249, 245, 255, 255, 255, 255, 253, 255, 255, 255, 247, 191, 189, 188, 255, 65, 53, 55, 255, 0, 0, 0, 190, 8, 0, 0, 47, 29, 14, 16, 0, 30, 14, 15, 0, 9, 0, 0, 49, 0, 0, 0, 190, 67, 54, 53, 255, 193, 190, 179, 255, 255, 255, 255, 247, 255, 255, 255, 255, 255, 255, 254, 255, 255, 255, 240, 255, 237, 237, 223, 255, 237, 238, 223, 255, 254, 255, 238, 253, 255, 255, 255, 248, 255, 255, 255, 248, 254, 255, 238, 253, 238, 238, 224, 255, 238, 238, 224, 255, 254, 255, 238, 253, 255, 255, 255, 248, 255, 255, 255, 248, 254, 255, 238, 253, 238, 238, 223, 255, 237, 237, 223, 255, 254, 255, 238, 255, 255, 255, 254, 255, 255, 255, 255, 253, 255, 255, 255, 247, 193, 190, 179, 255, 65, 53, 51, 255, 0, 0, 0, 190, 7, 0, 0, 47, 30, 14, 15, 0, 30, 15, 16, 0, 7, 0, 0, 48, 0, 0, 0, 188, 80, 68, 62, 255, 228, 225, 202, 255, 255, 255, 245, 248, 216, 213, 193, 255, 191, 187, 170, 255, 245, 244, 219, 255, 255, 255, 253, 253, 255, 255, 253, 251, 248, 247, 222, 255, 211, 208, 188, 255, 211, 208, 188, 255, 249, 248, 222, 255, 255, 255, 252, 250, 255, 255, 252, 250, 249, 248, 222, 255, 211, 208, 188, 255, 211, 208, 188, 255, 248, 247, 222, 255, 255, 255, 252, 251, 255, 255, 253, 253, 243, 242, 217, 255, 191, 187, 169, 255, 214, 211, 191, 253, 255, 255, 245, 248, 228, 225, 202, 255, 78, 66, 61, 255, 0, 0, 0, 188, 6, 0, 0, 47, 30, 15, 16, 0, 31, 15, 16, 0, 5, 0, 0, 47, 0, 0, 0, 183, 93, 81, 73, 255, 255, 253, 224, 255, 240, 237, 210, 248, 86, 74, 68, 255, 61, 48, 44, 255, 207, 202, 180, 255, 255, 255, 255, 251, 255, 255, 255, 244, 214, 209, 185, 255, 90, 78, 71, 255, 90, 78, 71, 255, 214, 209, 186, 255, 255, 255, 255, 240, 255, 255, 255, 240, 214, 210, 186, 255, 90, 78, 71, 255, 90, 78, 71, 255, 213, 208, 185, 255, 255, 255, 255, 244, 255, 255, 255, 251, 206, 201, 178, 255, 61, 47, 44, 255, 86, 74, 67, 253, 240, 237, 210, 248, 255, 253, 224, 255, 91, 79, 72, 255, 0, 0, 0, 183, 5, 0, 0, 45, 31, 15, 16, 0, 28, 12, 13, 0, 10, 0, 0, 52, 0, 0, 0, 203, 72, 58, 54, 255, 187, 180, 161, 255, 179, 172, 153, 245, 74, 60, 54, 254, 55, 41, 37, 254, 154, 145, 129, 251, 238, 234, 208, 255, 242, 238, 211, 255, 142, 133, 119, 253, 18, 1, 4, 209, 17, 1, 4, 208, 140, 131, 118, 249, 245, 241, 214, 255, 245, 241, 214, 255, 141, 131, 118, 250, 18, 1, 4, 208, 18, 1, 4, 210, 142, 133, 119, 253, 241, 237, 211, 255, 238, 234, 208, 255, 153, 144, 129, 251, 56, 41, 38, 254, 73, 60, 54, 253, 179, 171, 153, 245, 187, 180, 161, 255, 71, 57, 53, 255, 0, 0, 0, 203, 10, 0, 0, 51, 28, 12, 13, 0, 23, 7, 9, 0, 19, 3, 5, 55, 20, 4, 6, 212, 23, 7, 9, 255, 42, 28, 27, 255, 106, 94, 83, 244, 179, 171, 147, 254, 173, 164, 142, 252, 99, 87, 77, 245, 56, 42, 40, 255, 68, 55, 51, 255, 55, 40, 37, 222, 11, 0, 0, 77, 11, 0, 0, 74, 49, 34, 32, 212, 81, 68, 62, 255, 81, 68, 62, 255, 49, 35, 32, 212, 11, 0, 0, 74, 13, 0, 0, 78, 55, 40, 37, 222, 68, 55, 51, 255, 56, 42, 40, 255, 98, 86, 76, 246, 175, 166, 143, 254, 178, 169, 146, 252, 106, 94, 83, 244, 42, 28, 27, 255, 22, 7, 9, 255, 20, 4, 6, 212, 18, 2, 4, 54, 23, 7, 9, 0, 20, 4, 6, 0, 24, 8, 10, 35, 31, 16, 16, 145, 0, 0, 0, 241, 0, 0, 0, 255, 72, 58, 51, 254, 252, 247, 210, 255, 252, 247, 211, 255, 76, 62, 55, 254, 0, 0, 0, 255, 0, 0, 0, 243, 14, 0, 1, 134, 25, 9, 11, 0, 25, 9, 11, 0, 7, 0, 0, 132, 0, 0, 0, 247, 0, 0, 0, 248, 6, 0, 0, 133, 25, 9, 11, 0, 27, 11, 13, 0, 14, 0, 1, 134, 0, 0, 0, 243, 0, 0, 0, 255, 75, 62, 55, 253, 254, 249, 213, 255, 250, 245, 209, 255, 72, 59, 52, 254, 0, 0, 0, 255, 0, 0, 0, 241, 31, 16, 16, 145, 22, 7, 8, 34, 20, 4, 6, 0, 20, 4, 6, 1, 24, 8, 9, 0, 30, 14, 15, 19, 0, 0, 0, 103, 0, 0, 0, 217, 74, 61, 52, 255, 239, 233, 194, 255, 239, 233, 194, 255, 77, 64, 54, 255, 0, 0, 0, 217, 0, 0, 0, 103, 17, 1, 3, 12, 19, 3, 6, 0, 19, 3, 6, 0, 10, 0, 0, 31, 2, 0, 0, 66, 2, 0, 0, 66, 10, 0, 0, 33, 19, 3, 6, 0, 21, 5, 7, 0, 17, 1, 3, 12, 0, 0, 0, 104, 0, 0, 0, 218, 77, 63, 54, 255, 241, 235, 196, 255, 238, 232, 193, 255, 75, 61, 52, 255, 0, 0, 0, 217, 0, 0, 0, 102, 30, 14, 15, 19, 22, 6, 8, 0, 20, 4, 6, 1, 21, 5, 7, 14, 22, 6, 8, 0, 26, 11, 11, 0, 7, 0, 0, 31, 0, 0, 0, 196, 87, 74, 62, 255, 223, 215, 174, 255, 220, 213, 173, 255, 87, 73, 62, 255, 0, 0, 0, 194, 14, 0, 2, 28, 33, 17, 17, 0, 22, 6, 8, 0, 22, 6, 8, 14, 26, 10, 11, 0, 29, 14, 15, 0, 29, 14, 15, 0, 26, 10, 12, 0, 22, 6, 8, 13, 23, 7, 9, 0, 33, 17, 17, 0, 14, 0, 2, 30, 0, 0, 0, 196, 86, 73, 62, 255, 222, 214, 174, 255, 221, 213, 173, 255, 88, 74, 63, 255, 0, 0, 0, 196, 7, 0, 0, 29, 26, 11, 11, 0, 21, 5, 7, 0, 21, 5, 7, 14, 21, 5, 7, 13, 23, 7, 8, 0, 28, 12, 12, 0, 5, 0, 0, 39, 0, 0, 0, 198, 83, 69, 57, 255, 227, 219, 173, 255, 226, 217, 172, 255, 84, 70, 58, 255, 0, 0, 0, 198, 5, 0, 0, 42, 28, 12, 13, 0, 21, 5, 7, 0, 21, 5, 7, 12, 21, 5, 7, 0, 21, 5, 7, 0, 21, 5, 7, 0, 21, 5, 7, 0, 21, 5, 7, 8, 23, 7, 8, 0, 28, 12, 13, 0, 5, 0, 0, 45, 0, 0, 0, 200, 83, 69, 57, 255, 227, 219, 173, 255, 226, 217, 172, 255, 84, 70, 58, 255, 0, 0, 0, 198, 5, 0, 0, 38, 28, 12, 12, 0, 21, 5, 7, 0, 21, 5, 7, 13, 21, 5, 7, 8, 23, 7, 8, 0, 27, 12, 12, 0, 5, 0, 0, 62, 0, 0, 0, 205, 83, 69, 56, 255, 227, 218, 170, 255, 225, 216, 169, 255, 83, 69, 56, 255, 0, 0, 0, 200, 7, 0, 0, 48, 30, 14, 14, 0, 23, 7, 8, 0, 22, 6, 8, 0, 21, 5, 7, 6, 21, 5, 7, 8, 22, 6, 8, 0, 22, 6, 8, 0, 21, 5, 7, 8, 23, 7, 8, 0, 29, 14, 13, 0, 7, 0, 0, 46, 0, 0, 0, 201, 83, 69, 56, 255, 227, 217, 170, 255, 225, 216, 169, 255, 83, 70, 56, 255, 0, 0, 0, 205, 5, 0, 0, 61, 27, 12, 12, 0, 21, 5, 7, 0, 21, 5, 7, 8, 21, 5, 7, 10, 23, 7, 8, 0, 27, 12, 12, 0, 5, 0, 0, 55, 0, 0, 0, 203, 83, 69, 55, 255, 226, 217, 166, 255, 224, 215, 164, 255, 83, 69, 55, 255, 0, 0, 0, 196, 11, 0, 0, 32, 36, 20, 18, 0, 29, 14, 13, 0, 26, 10, 10, 0, 21, 5, 7, 5, 22, 6, 8, 2, 27, 11, 11, 0, 27, 11, 11, 0, 22, 6, 8, 10, 24, 8, 9, 0, 34, 18, 16, 0, 12, 0, 0, 28, 0, 0, 0, 195, 82, 68, 54, 255, 226, 216, 166, 255, 225, 215, 165, 255, 83, 69, 55, 255, 0, 0, 0, 203, 5, 0, 0, 54, 27, 12, 12, 0, 21, 5, 7, 0, 21, 5, 7, 10, 21, 5, 7, 10, 23, 7, 8, 0, 27, 12, 12, 0, 5, 0, 0, 55, 0, 0, 0, 203, 83, 68, 54, 255, 225, 216, 162, 255, 225, 215, 162, 255, 85, 71, 55, 255, 0, 0, 0, 212, 0, 0, 0, 93, 10, 0, 0, 38, 2, 0, 0, 49, 10, 0, 0, 40, 20, 4, 6, 0, 18, 2, 5, 0, 8, 0, 0, 44, 8, 0, 0, 46, 19, 3, 6, 2, 21, 5, 7, 0, 15, 0, 3, 14, 0, 0, 0, 105, 0, 0, 0, 219, 85, 71, 55, 255, 227, 217, 163, 255, 224, 214, 161, 255, 83, 69, 54, 255, 0, 0, 0, 203, 5, 0, 0, 54, 27, 12, 12, 0, 21, 5, 7, 0, 21, 5, 7, 10, 21, 5, 7, 10, 23, 7, 8, 0, 27, 12, 12, 0, 5, 0, 0, 55, 0, 0, 0, 203, 82, 68, 52, 255, 224, 214, 157, 255, 226, 216, 158, 250, 86, 72, 55, 255, 0, 0, 0, 242, 0, 0, 0, 207, 0, 0, 0, 213, 0, 0, 0, 230, 0, 0, 0, 141, 19, 3, 6, 0, 16, 0, 3, 14, 0, 0, 0, 171, 0, 0, 0, 172, 17, 1, 4, 14, 18, 2, 5, 0, 3, 0, 0, 135, 0, 0, 0, 244, 0, 0, 0, 255, 87, 73, 55, 252, 227, 218, 159, 251, 223, 213, 156, 255, 83, 69, 53, 255, 0, 0, 0, 203, 5, 0, 0, 54, 27, 12, 12, 0, 21, 5, 7, 0, 21, 5, 7, 10, 21, 5, 7, 10, 23, 7, 8, 0, 27, 12, 12, 0, 5, 0, 0, 55, 0, 0, 0, 203, 83, 69, 51, 255, 227, 218, 155, 255, 220, 210, 150, 246, 76, 62, 47, 252, 4, 0, 0, 255, 54, 39, 29, 255, 102, 88, 62, 255, 97, 83, 59, 255, 65, 50, 37, 217, 27, 11, 11, 70, 33, 18, 15, 94, 76, 61, 44, 250, 75, 61, 44, 250, 31, 15, 14, 91, 33, 17, 15, 73, 81, 67, 48, 222, 64, 49, 35, 255, 8, 0, 0, 255, 74, 60, 45, 244, 221, 211, 150, 245, 226, 216, 153, 255, 83, 69, 51, 255, 0, 0, 0, 203, 5, 0, 0, 54, 27, 12, 12, 0, 21, 5, 7, 0, 21, 5, 7, 10, 21, 5, 7, 10, 23, 7, 8, 0, 27, 12, 11, 0, 5, 0, 0, 55, 0, 0, 0, 203, 84, 70, 51, 255, 232, 222, 153, 255, 211, 201, 139, 246, 61, 46, 35, 253, 34, 18, 15, 255, 167, 155, 106, 255, 255, 255, 179, 255, 255, 255, 179, 255, 169, 157, 107, 253, 42, 27, 21, 208, 64, 49, 35, 215, 204, 193, 131, 255, 202, 192, 130, 255, 56, 41, 30, 214, 58, 43, 32, 209, 205, 195, 132, 255, 199, 189, 128, 255, 48, 32, 25, 255, 55, 40, 31, 249, 211, 201, 138, 246, 230, 221, 152, 255, 83, 69, 50, 255, 0, 0, 0, 203, 5, 0, 0, 54, 27, 12, 11, 0, 21, 5, 7, 0, 21, 5, 7, 10, 21, 5, 7, 10, 23, 7, 8, 0, 27, 12, 11, 0, 5, 0, 0, 55, 0, 0, 0, 203, 84, 70, 49, 255, 231, 221, 148, 255, 212, 202, 135, 248, 63, 48, 35, 255, 29, 13, 13, 254, 150, 138, 96, 250, 250, 241, 165, 244, 250, 241, 165, 242, 148, 136, 95, 255, 22, 6, 9, 255, 43, 28, 23, 255, 182, 171, 118, 252, 181, 170, 117, 252, 36, 21, 18, 255, 36, 21, 18, 255, 181, 170, 118, 255, 182, 171, 118, 244, 43, 28, 23, 251, 57, 42, 31, 255, 212, 202, 135, 248, 229, 219, 147, 255, 83, 69, 49, 255, 0, 0, 0, 203, 5, 0, 0, 54, 27, 12, 11, 0, 21, 5, 7, 0, 21, 5, 7, 10, 21, 5, 7, 10, 23, 7, 8, 0, 27, 12, 11, 0, 5, 0, 0, 55, 0, 0, 0, 203, 83, 68, 47, 255, 226, 215, 140, 255, 221, 210, 137, 247, 79, 64, 44, 255, 0, 0, 0, 255, 34, 19, 18, 255, 75, 61, 45, 254, 71, 56, 43, 253, 41, 26, 22, 255, 2, 0, 0, 255, 8, 0, 0, 255, 51, 36, 29, 255, 51, 36, 29, 255, 7, 0, 0, 255, 6, 0, 0, 255, 54, 39, 31, 255, 44, 29, 25, 253, 3, 0, 0, 254, 76, 62, 43, 254, 222, 211, 137, 247, 224, 213, 139, 255, 83, 68, 47, 255, 0, 0, 0, 203, 5, 0, 0, 54, 27, 12, 11, 0, 21, 5, 7, 0, 21, 5, 7, 10, 21, 5, 7, 10, 23, 7, 8, 0, 27, 12, 11, 0, 5, 0, 0, 55, 0, 0, 0, 203, 82, 68, 46, 255, 225, 213, 135, 255, 222, 210, 134, 247, 81, 66, 45, 255, 0, 0, 0, 255, 20, 4, 4, 255, 45, 29, 19, 255, 35, 19, 13, 255, 46, 30, 21, 253, 66, 51, 34, 248, 63, 48, 32, 249, 42, 26, 18, 254, 42, 26, 18, 254, 63, 47, 32, 249, 69, 53, 36, 248, 55, 39, 26, 253, 15, 0, 1, 255, 0, 0, 0, 255, 81, 67, 45, 253, 223, 211, 135, 247, 223, 211, 134, 255, 83, 68, 46, 255, 0, 0, 0, 203, 5, 0, 0, 54, 27, 12, 11, 0, 21, 5, 7, 0, 21, 5, 7, 10, 21, 5, 7, 10, 23, 7, 8, 0, 27, 11, 11, 0, 5, 0, 0, 55, 0, 0, 0, 203, 83, 68, 45, 255, 229, 216, 133, 255, 212, 199, 123, 247, 65, 50, 34, 255, 26, 9, 9, 255, 136, 122, 75, 255, 207, 194, 117, 255, 194, 180, 109, 255, 184, 170, 104, 255, 199, 186, 114, 255, 197, 184, 113, 255, 187, 173, 105, 255, 185, 172, 105, 255, 192, 179, 110, 255, 210, 197, 120, 255, 213, 199, 121, 255, 133, 118, 73, 255, 23, 7, 8, 255, 66, 50, 34, 253, 212, 199, 123, 247, 227, 214, 132, 255, 82, 67, 44, 255, 0, 0, 0, 203, 5, 0, 0, 54, 27, 11, 11, 0, 21, 5, 7, 0, 21, 5, 7, 10, 21, 5, 7, 10, 23, 7, 8, 0, 27, 11, 11, 0, 5, 0, 0, 55, 0, 0, 0, 203, 84, 68, 44, 255, 231, 217, 130, 255, 206, 192, 115, 247, 56, 40, 27, 255, 45, 29, 21, 255, 208, 195, 118, 255, 255, 255, 178, 255, 255, 255, 169, 255, 255, 253, 152, 255, 255, 255, 154, 255, 255, 255, 154, 255, 255, 255, 157, 255, 255, 255, 156, 255, 255, 249, 150, 255, 255, 255, 164, 255, 255, 255, 177, 255, 208, 194, 118, 255, 43, 28, 21, 255, 55, 40, 27, 253, 206, 192, 115, 247, 229, 216, 129, 255, 82, 67, 43, 255, 0, 0, 0, 203, 5, 0, 0, 54, 27, 11, 11, 0, 21, 5, 7, 0, 21, 5, 7, 10, 21, 5, 7, 10, 22, 7, 8, 0, 27, 11, 11, 0, 5, 0, 0, 55, 0, 0, 0, 203, 84, 68, 42, 255, 230, 215, 125, 255, 207, 192, 112, 247, 57, 41, 27, 255, 42, 26, 19, 255, 197, 182, 107, 255, 255, 255, 162, 255, 255, 255, 153, 255, 254, 239, 140, 255, 255, 247, 144, 255, 255, 247, 144, 255, 255, 247, 144, 255, 255, 245, 143, 255, 254, 239, 140, 255, 255, 255, 153, 255, 255, 255, 162, 255, 195, 181, 106, 255, 40, 24, 18, 255, 57, 41, 27, 253, 206, 191, 111, 247, 228, 214, 124, 255, 82, 67, 42, 255, 0, 0, 0, 203, 5, 0, 0, 54, 27, 11, 11, 0, 21, 5, 7, 0, 21, 5, 7, 10, 21, 5, 7, 10, 22, 7, 8, 0, 27, 11, 10, 0, 5, 0, 0, 55, 0, 0, 0, 203, 83, 68, 41, 255, 229, 214, 120, 255, 208, 192, 108, 247, 60, 44, 28, 255, 37, 21, 15, 255, 179, 163, 92, 255, 255, 253, 140, 255, 253, 238, 132, 255, 232, 217, 121, 255, 239, 223, 124, 255, 239, 223, 124, 255, 239, 223, 124, 255, 237, 222, 123, 255, 232, 217, 121, 255, 253, 238, 132, 255, 255, 253, 140, 255, 178, 162, 91, 255, 35, 19, 15, 255, 59, 43, 28, 253, 208, 192, 108, 247, 227, 212, 119, 255, 82, 66, 40, 255, 0, 0, 0, 203, 5, 0, 0, 54, 27, 11, 10, 0, 21, 5, 7, 0, 21, 5, 7, 10, 21, 5, 7, 10, 22, 7, 8, 0, 27, 11, 10, 0, 5, 0, 0, 55, 0, 0, 0, 203, 83, 68, 40, 255, 229, 214, 116, 255, 207, 192, 104, 247, 59, 43, 27, 255, 38, 22, 16, 255, 184, 168, 92, 255, 255, 255, 139, 255, 255, 245, 132, 255, 238, 223, 120, 255, 245, 230, 124, 255, 245, 230, 124, 255, 245, 230, 124, 255, 243, 228, 123, 255, 238, 223, 120, 255, 255, 245, 132, 255, 255, 255, 140, 255, 183, 167, 91, 255, 37, 21, 15, 255, 59, 43, 27, 253, 207, 192, 104, 247, 228, 212, 115, 255, 82, 66, 39, 255, 0, 0, 0, 203, 5, 0, 0, 54, 27, 11, 10, 0, 21, 5, 7, 0, 21, 5, 7, 10, 21, 5, 7, 10, 22, 7, 8, 0, 27, 11, 10, 0, 5, 0, 0, 55, 0, 0, 0, 203, 83, 68, 39, 255, 229, 214, 114, 255, 207, 192, 103, 247, 59, 43, 27, 255, 38, 22, 16, 255, 184, 169, 91, 255, 255, 255, 138, 255, 255, 246, 130, 255, 238, 223, 119, 255, 245, 230, 122, 255, 245, 230, 122, 255, 245, 230, 122, 255, 243, 228, 121, 255, 238, 223, 119, 255, 255, 245, 130, 255, 255, 255, 138, 255, 183, 167, 90, 255, 37, 21, 15, 255, 59, 43, 26, 253, 207, 192, 103, 247, 228, 213, 113, 255, 82, 66, 38, 255, 0, 0, 0, 203, 5, 0, 0, 54, 27, 11, 10, 0, 21, 5, 7, 0, 21, 5, 7, 10),
"format": "RGBA8",
"height": 32,
"mipmaps": false,
"width": 32
},"script":null)
,"script":null,"metadata/path":"res://assets/img/icons/registry_base.png")
,
"res://registries/BaseRegistry.gd": Object(ImageTexture,"resource_local_to_scene":false,"resource_name":"","image":Object(Image,"resource_local_to_scene":false,"resource_name":"","data":{
"data": PackedByteArray(21, 5, 7, 4, 21, 4, 6, 0, 20, 4, 6, 0, 23, 7, 9, 0, 28, 12, 14, 0, 30, 15, 17, 0, 30, 15, 17, 0, 29, 14, 16, 0, 30, 14, 16, 0, 30, 14, 16, 0, 30, 14, 16, 0, 30, 14, 16, 0, 30, 14, 16, 0, 30, 14, 16, 0, 30, 14, 16, 0, 30, 14, 16, 0, 30, 14, 16, 0, 30, 14, 16, 0, 30, 14, 16, 0, 30, 14, 16, 0, 30, 14, 16, 0, 30, 14, 16, 0, 30, 14, 16, 0, 29, 14, 16, 0, 29, 14, 16, 0, 30, 15, 17, 0, 30, 15, 17, 0, 28, 12, 14, 0, 23, 7, 9, 0, 20, 4, 6, 0, 20, 4, 6, 0, 21, 5, 7, 4, 21, 4, 6, 0, 22, 6, 8, 9, 22, 6, 8, 36, 18, 2, 4, 55, 11, 0, 0, 52, 7, 0, 0, 47, 8, 0, 0, 49, 9, 0, 0, 49, 9, 0, 0, 49, 9, 0, 0, 49, 9, 0, 0, 49, 9, 0, 0, 49, 9, 0, 0, 49, 9, 0, 0, 49, 9, 0, 0, 49, 9, 0, 0, 49, 9, 0, 0, 49, 9, 0, 0, 49, 9, 0, 0, 49, 9, 0, 0, 49, 9, 0, 0, 49, 9, 0, 0, 49, 9, 0, 0, 49, 9, 0, 0, 49, 9, 0, 0, 49, 8, 0, 0, 48, 7, 0, 0, 47, 11, 0, 0, 52, 18, 2, 4, 55, 22, 6, 8, 36, 22, 6, 8, 9, 21, 4, 6, 0, 20, 4, 6, 0, 22, 6, 8, 36, 23, 7, 9, 141, 16, 0, 2, 216, 4, 0, 0, 203, 0, 0, 0, 184, 0, 0, 0, 190, 0, 0, 0, 190, 0, 0, 0, 190, 0, 0, 0, 190, 0, 0, 0, 190, 0, 0, 0, 190, 0, 0, 0, 190, 0, 0, 0, 190, 0, 0, 0, 190, 0, 0, 0, 190, 0, 0, 0, 190, 0, 0, 0, 190, 0, 0, 0, 190, 0, 0, 0, 190, 0, 0, 0, 190, 0, 0, 0, 190, 0, 0, 0, 190, 0, 0, 0, 190, 0, 0, 0, 190, 0, 0, 0, 188, 0, 0, 0, 184, 4, 0, 0, 203, 16, 0, 2, 216, 23, 7, 9, 141, 22, 6, 8, 35, 20, 4, 6, 0, 23, 7, 9, 0, 18, 2, 4, 55, 16, 0, 2, 216, 32, 16, 18, 255, 60, 47, 49, 255, 74, 63, 65, 255, 73, 61, 63, 255, 68, 56, 58, 255, 69, 58, 60, 255, 69, 58, 60, 255, 69, 58, 60, 255, 69, 58, 60, 255, 69, 58, 60, 255, 69, 58, 60, 255, 69, 58, 60, 255, 69, 58, 60, 255, 69, 58, 60, 255, 69, 58, 60, 255, 69, 58, 60, 255, 69, 58, 60, 255, 69, 58, 60, 255, 69, 58, 60, 255, 69, 58, 60, 255, 69, 57, 59, 255, 68, 56, 58, 255, 72, 61, 63, 255, 74, 63, 65, 255, 60, 47, 49, 255, 31, 16, 18, 255, 16, 0, 2, 216, 18, 2, 4, 54, 23, 7, 9, 0, 28, 12, 14, 0, 11, 0, 0, 52, 4, 0, 0, 203, 60, 47, 49, 255, 162, 158, 160, 255, 217, 218, 220, 255, 211, 211, 213, 255, 193, 192, 194, 255, 199, 198, 200, 255, 199, 198, 200, 255, 199, 198, 200, 255, 199, 198, 200, 255, 199, 198, 200, 255, 199, 198, 200, 255, 199, 198, 200, 255, 199, 198, 200, 255, 199, 198, 200, 255, 199, 198, 200, 255, 199, 198, 200, 255, 199, 198, 200, 255, 199, 198, 200, 255, 199, 198, 200, 255, 199, 198, 200, 255, 197, 196, 198, 255, 193, 192, 194, 255, 209, 209, 211, 255, 217, 218, 220, 255, 162, 158, 160, 255, 58, 46, 48, 255, 4, 0, 0, 203, 10, 0, 0, 50, 28, 12, 14, 0, 30, 15, 17, 0, 8, 0, 0, 47, 0, 0, 0, 184, 74, 63, 65, 255, 216, 217, 221, 255, 255, 255, 255, 240, 255, 255, 255, 247, 255, 255, 255, 247, 255, 255, 255, 247, 255, 255, 255, 247, 255, 255, 255, 247, 255, 255, 255, 247, 255, 255, 255, 247, 255, 255, 255, 247, 255, 255, 255, 247, 255, 255, 255, 247, 255, 255, 255, 247, 255, 255, 255, 247, 255, 255, 255, 247, 255, 255, 255, 247, 255, 255, 255, 247, 255, 255, 255, 247, 255, 255, 255, 247, 255, 255, 255, 247, 255, 255, 255, 247, 255, 255, 255, 245, 255, 255, 255, 240, 216, 217, 221, 255, 73, 61, 64, 255, 0, 0, 0, 184, 6, 0, 0, 46, 30, 15, 17, 0, 30, 15, 17, 0, 8, 0, 0, 49, 0, 0, 0, 190, 73, 61, 64, 255, 211, 211, 216, 255, 255, 255, 255, 247, 255, 255, 255, 255, 245, 248, 255, 255, 255, 255, 255, 255, 255, 255, 255, 255, 255, 255, 255, 255, 255, 255, 255, 255, 252, 255, 255, 255, 252, 255, 255, 255, 255, 255, 255, 255, 255, 255, 255, 255, 255, 255, 255, 255, 255, 255, 255, 255, 252, 255, 255, 255, 252, 255, 255, 255, 255, 255, 255, 255, 255, 255, 255, 255, 255, 255, 255, 255, 254, 255, 255, 255, 245, 248, 255, 255, 255, 255, 255, 253, 255, 255, 255, 247, 211, 211, 216, 255, 72, 60, 63, 255, 0, 0, 0, 190, 6, 0, 0, 47, 30, 15, 17, 0, 29, 14, 16, 0, 9, 0, 0, 49, 0, 0, 0, 190, 67, 55, 56, 255, 191, 189, 188, 255, 255, 255, 255, 247, 255, 255, 255, 255, 247, 249, 245, 255, 243, 245, 243, 255, 234, 236, 235, 255, 234, 236, 235, 255, 242, 244, 242, 254, 252, 254, 251, 253, 252, 254, 251, 253, 242, 244, 242, 254, 234, 236, 235, 255, 234, 236, 235, 255, 242, 244, 242, 254, 252, 254, 251, 253, 252, 254, 251, 253, 242, 245, 242, 254, 234, 236, 235, 255, 234, 236, 235, 255, 241, 243, 241, 255, 247, 249, 245, 255, 255, 255, 255, 253, 255, 255, 255, 247, 191, 189, 188, 255, 65, 53, 55, 255, 0, 0, 0, 190, 8, 0, 0, 47, 29, 14, 16, 0, 30, 14, 15, 0, 9, 0, 0, 49, 0, 0, 0, 190, 67, 54, 53, 255, 193, 190, 179, 255, 255, 255, 255, 247, 255, 255, 255, 255, 255, 255, 254, 255, 255, 255, 240, 255, 237, 237, 223, 255, 237, 238, 223, 255, 254, 255, 238, 253, 255, 255, 255, 248, 255, 255, 255, 248, 254, 255, 238, 253, 238, 238, 224, 255, 238, 238, 224, 255, 254, 255, 238, 253, 255, 255, 255, 248, 255, 255, 255, 248, 254, 255, 238, 253, 238, 238, 223, 255, 237, 237, 223, 255, 254, 255, 238, 255, 255, 255, 254, 255, 255, 255, 255, 253, 255, 255, 255, 247, 193, 190, 179, 255, 65, 53, 51, 255, 0, 0, 0, 190, 7, 0, 0, 47, 30, 14, 15, 0, 30, 15, 16, 0, 7, 0, 0, 48, 0, 0, 0, 188, 80, 68, 62, 255, 228, 225, 202, 255, 255, 255, 245, 248, 216, 213, 193, 255, 191, 187, 170, 255, 245, 244, 219, 255, 255, 255, 253, 253, 255, 255, 253, 251, 248, 247, 222, 255, 211, 208, 188, 255, 211, 208, 188, 255, 249, 248, 222, 255, 255, 255, 252, 250, 255, 255, 252, 250, 249, 248, 222, 255, 211, 208, 188, 255, 211, 208, 188, 255, 248, 247, 222, 255, 255, 255, 252, 251, 255, 255, 253, 253, 243, 242, 217, 255, 191, 187, 169, 255, 214, 211, 191, 253, 255, 255, 245, 248, 228, 225, 202, 255, 78, 66, 61, 255, 0, 0, 0, 188, 6, 0, 0, 47, 30, 15, 16, 0, 31, 15, 16, 0, 5, 0, 0, 47, 0, 0, 0, 183, 93, 81, 73, 255, 255, 253, 224, 255, 240, 237, 210, 248, 86, 74, 68, 255, 61, 48, 44, 255, 207, 202, 180, 255, 255, 255, 255, 251, 255, 255, 255, 244, 214, 209, 185, 255, 90, 78, 71, 255, 90, 78, 71, 255, 214, 209, 186, 255, 255, 255, 255, 240, 255, 255, 255, 240, 214, 210, 186, 255, 90, 78, 71, 255, 90, 78, 71, 255, 213, 208, 185, 255, 255, 255, 255, 244, 255, 255, 255, 251, 206, 201, 178, 255, 61, 47, 44, 255, 86, 74, 67, 253, 240, 237, 210, 248, 255, 253, 224, 255, 91, 79, 72, 255, 0, 0, 0, 183, 5, 0, 0, 45, 31, 15, 16, 0, 28, 12, 13, 0, 10, 0, 0, 52, 0, 0, 0, 203, 72, 58, 54, 255, 187, 180, 161, 255, 179, 172, 153, 245, 74, 60, 54, 254, 55, 41, 37, 254, 154, 145, 129, 251, 238, 234, 208, 255, 242, 238, 211, 255, 142, 133, 119, 253, 18, 1, 4, 209, 17, 1, 4, 208, 140, 131, 118, 249, 245, 241, 214, 255, 245, 241, 214, 255, 141, 131, 118, 250, 18, 1, 4, 208, 18, 1, 4, 210, 142, 133, 119, 253, 241, 237, 211, 255, 238, 234, 208, 255, 153, 144, 129, 251, 56, 41, 38, 254, 73, 60, 54, 253, 179, 171, 153, 245, 187, 180, 161, 255, 71, 57, 53, 255, 0, 0, 0, 203, 10, 0, 0, 51, 28, 12, 13, 0, 23, 7, 9, 0, 19, 3, 5, 55, 20, 4, 6, 212, 23, 7, 9, 255, 42, 28, 27, 255, 106, 94, 83, 244, 179, 171, 147, 254, 173, 164, 142, 252, 99, 87, 77, 245, 56, 42, 40, 255, 68, 55, 51, 255, 55, 40, 37, 222, 11, 0, 0, 77, 11, 0, 0, 74, 49, 34, 32, 212, 81, 68, 62, 255, 81, 68, 62, 255, 49, 35, 32, 212, 11, 0, 0, 74, 13, 0, 0, 78, 55, 40, 37, 222, 68, 55, 51, 255, 56, 42, 40, 255, 98, 86, 76, 246, 175, 166, 143, 254, 178, 169, 146, 252, 106, 94, 83, 244, 42, 28, 27, 255, 22, 7, 9, 255, 20, 4, 6, 212, 18, 2, 4, 54, 23, 7, 9, 0, 20, 4, 6, 0, 24, 8, 10, 35, 31, 16, 16, 145, 0, 0, 0, 241, 0, 0, 0, 255, 72, 58, 51, 254, 252, 247, 210, 255, 252, 247, 211, 255, 76, 62, 55, 254, 0, 0, 0, 255, 0, 0, 0, 243, 14, 0, 1, 134, 25, 9, 11, 0, 25, 9, 11, 0, 7, 0, 0, 132, 0, 0, 0, 247, 0, 0, 0, 248, 6, 0, 0, 133, 25, 9, 11, 0, 27, 11, 13, 0, 14, 0, 1, 134, 0, 0, 0, 243, 0, 0, 0, 255, 75, 62, 55, 253, 254, 249, 213, 255, 250, 245, 209, 255, 72, 59, 52, 254, 0, 0, 0, 255, 0, 0, 0, 241, 31, 16, 16, 145, 22, 7, 8, 34, 20, 4, 6, 0, 20, 4, 6, 1, 24, 8, 9, 0, 30, 14, 15, 19, 0, 0, 0, 103, 0, 0, 0, 217, 74, 61, 52, 255, 239, 233, 194, 255, 239, 233, 194, 255, 77, 64, 54, 255, 0, 0, 0, 217, 0, 0, 0, 103, 17, 1, 3, 12, 19, 3, 6, 0, 19, 3, 6, 0, 10, 0, 0, 31, 2, 0, 0, 66, 2, 0, 0, 66, 10, 0, 0, 33, 19, 3, 6, 0, 21, 5, 7, 0, 17, 1, 3, 12, 0, 0, 0, 104, 0, 0, 0, 218, 77, 63, 54, 255, 241, 235, 196, 255, 238, 232, 193, 255, 75, 61, 52, 255, 0, 0, 0, 217, 0, 0, 0, 102, 30, 14, 15, 19, 22, 6, 8, 0, 20, 4, 6, 1, 21, 5, 7, 14, 22, 6, 8, 0, 26, 11, 11, 0, 7, 0, 0, 31, 0, 0, 0, 196, 87, 74, 62, 255, 223, 215, 174, 255, 220, 213, 173, 255, 87, 73, 62, 255, 0, 0, 0, 194, 14, 0, 2, 28, 33, 17, 17, 0, 22, 6, 8, 0, 22, 6, 8, 14, 26, 10, 11, 0, 29, 14, 15, 0, 29, 14, 15, 0, 26, 10, 12, 0, 22, 6, 8, 13, 23, 7, 9, 0, 33, 17, 17, 0, 14, 0, 2, 30, 0, 0, 0, 196, 86, 73, 62, 255, 222, 214, 174, 255, 221, 213, 173, 255, 88, 74, 63, 255, 0, 0, 0, 196, 7, 0, 0, 29, 26, 11, 11, 0, 21, 5, 7, 0, 21, 5, 7, 14, 21, 5, 7, 13, 23, 7, 8, 0, 28, 12, 12, 0, 5, 0, 0, 39, 0, 0, 0, 198, 83, 69, 57, 255, 227, 219, 173, 255, 226, 217, 172, 255, 84, 70, 58, 255, 0, 0, 0, 198, 5, 0, 0, 42, 28, 12, 13, 0, 21, 5, 7, 0, 21, 5, 7, 12, 21, 5, 7, 0, 21, 5, 7, 0, 21, 5, 7, 0, 21, 5, 7, 0, 21, 5, 7, 8, 23, 7, 8, 0, 28, 12, 13, 0, 5, 0, 0, 45, 0, 0, 0, 200, 83, 69, 57, 255, 227, 219, 173, 255, 226, 217, 172, 255, 84, 70, 58, 255, 0, 0, 0, 198, 5, 0, 0, 38, 28, 12, 12, 0, 21, 5, 7, 0, 21, 5, 7, 13, 21, 5, 7, 8, 23, 7, 8, 0, 27, 12, 12, 0, 5, 0, 0, 62, 0, 0, 0, 205, 83, 69, 56, 255, 227, 218, 170, 255, 225, 216, 169, 255, 83, 69, 56, 255, 0, 0, 0, 200, 7, 0, 0, 48, 30, 14, 14, 0, 23, 7, 8, 0, 22, 6, 8, 0, 21, 5, 7, 6, 21, 5, 7, 8, 22, 6, 8, 0, 22, 6, 8, 0, 21, 5, 7, 8, 23, 7, 8, 0, 29, 14, 13, 0, 7, 0, 0, 46, 0, 0, 0, 201, 83, 69, 56, 255, 227, 217, 170, 255, 225, 216, 169, 255, 83, 70, 56, 255, 0, 0, 0, 205, 5, 0, 0, 61, 27, 12, 12, 0, 21, 5, 7, 0, 21, 5, 7, 8, 21, 5, 7, 10, 23, 7, 8, 0, 27, 12, 12, 0, 5, 0, 0, 55, 0, 0, 0, 203, 83, 69, 55, 255, 226, 217, 166, 255, 224, 215, 164, 255, 83, 69, 55, 255, 0, 0, 0, 196, 11, 0, 0, 32, 36, 20, 18, 0, 29, 14, 13, 0, 26, 10, 10, 0, 21, 5, 7, 5, 22, 6, 8, 2, 27, 11, 11, 0, 27, 11, 11, 0, 22, 6, 8, 10, 24, 8, 9, 0, 34, 18, 16, 0, 12, 0, 0, 28, 0, 0, 0, 195, 82, 68, 54, 255, 226, 216, 166, 255, 225, 215, 165, 255, 83, 69, 55, 255, 0, 0, 0, 203, 5, 0, 0, 54, 27, 12, 12, 0, 21, 5, 7, 0, 21, 5, 7, 10, 21, 5, 7, 10, 23, 7, 8, 0, 27, 12, 12, 0, 5, 0, 0, 55, 0, 0, 0, 203, 83, 68, 54, 255, 225, 216, 162, 255, 225, 215, 162, 255, 85, 71, 55, 255, 0, 0, 0, 212, 0, 0, 0, 93, 10, 0, 0, 38, 2, 0, 0, 49, 10, 0, 0, 40, 20, 4, 6, 0, 18, 2, 5, 0, 8, 0, 0, 44, 8, 0, 0, 46, 19, 3, 6, 2, 21, 5, 7, 0, 15, 0, 3, 14, 0, 0, 0, 105, 0, 0, 0, 219, 85, 71, 55, 255, 227, 217, 163, 255, 224, 214, 161, 255, 83, 69, 54, 255, 0, 0, 0, 203, 5, 0, 0, 54, 27, 12, 12, 0, 21, 5, 7, 0, 21, 5, 7, 10, 21, 5, 7, 10, 23, 7, 8, 0, 27, 12, 12, 0, 5, 0, 0, 55, 0, 0, 0, 203, 82, 68, 52, 255, 224, 214, 157, 255, 226, 216, 158, 250, 86, 72, 55, 255, 0, 0, 0, 242, 0, 0, 0, 207, 0, 0, 0, 213, 0, 0, 0, 230, 0, 0, 0, 141, 19, 3, 6, 0, 16, 0, 3, 14, 0, 0, 0, 171, 0, 0, 0, 172, 17, 1, 4, 14, 18, 2, 5, 0, 3, 0, 0, 135, 0, 0, 0, 244, 0, 0, 0, 255, 87, 73, 55, 252, 227, 218, 159, 251, 223, 213, 156, 255, 83, 69, 53, 255, 0, 0, 0, 203, 5, 0, 0, 54, 27, 12, 12, 0, 21, 5, 7, 0, 21, 5, 7, 10, 21, 5, 7, 10, 23, 7, 8, 0, 27, 12, 12, 0, 5, 0, 0, 55, 0, 0, 0, 203, 83, 69, 51, 255, 227, 218, 155, 255, 220, 210, 150, 246, 76, 62, 47, 252, 4, 0, 0, 255, 54, 39, 29, 255, 102, 88, 62, 255, 97, 83, 59, 255, 65, 50, 37, 217, 27, 11, 11, 70, 33, 18, 15, 94, 76, 61, 44, 250, 75, 61, 44, 250, 31, 15, 14, 91, 33, 17, 15, 73, 81, 67, 48, 222, 64, 49, 35, 255, 8, 0, 0, 255, 74, 60, 45, 244, 221, 211, 150, 245, 226, 216, 153, 255, 83, 69, 51, 255, 0, 0, 0, 203, 5, 0, 0, 54, 27, 12, 12, 0, 21, 5, 7, 0, 21, 5, 7, 10, 21, 5, 7, 10, 23, 7, 8, 0, 27, 12, 11, 0, 5, 0, 0, 55, 0, 0, 0, 203, 84, 70, 51, 255, 232, 222, 153, 255, 211, 201, 139, 246, 61, 46, 35, 253, 34, 18, 15, 255, 167, 155, 106, 255, 255, 255, 179, 255, 255, 255, 179, 255, 169, 157, 107, 253, 42, 27, 21, 208, 64, 49, 35, 215, 204, 193, 131, 255, 202, 192, 130, 255, 56, 41, 30, 214, 58, 43, 32, 209, 205, 195, 132, 255, 199, 189, 128, 255, 48, 32, 25, 255, 55, 40, 31, 249, 211, 201, 138, 246, 230, 221, 152, 255, 83, 69, 50, 255, 0, 0, 0, 203, 5, 0, 0, 54, 27, 12, 11, 0, 21, 5, 7, 0, 21, 5, 7, 10, 21, 5, 7, 10, 23, 7, 8, 0, 27, 12, 11, 0, 5, 0, 0, 55, 0, 0, 0, 203, 84, 70, 49, 255, 231, 221, 148, 255, 212, 202, 135, 248, 63, 48, 35, 255, 29, 13, 13, 254, 150, 138, 96, 250, 250, 241, 165, 244, 250, 241, 165, 242, 148, 136, 95, 255, 22, 6, 9, 255, 43, 28, 23, 255, 182, 171, 118, 252, 181, 170, 117, 252, 36, 21, 18, 255, 36, 21, 18, 255, 181, 170, 118, 255, 182, 171, 118, 244, 43, 28, 23, 251, 57, 42, 31, 255, 212, 202, 135, 248, 229, 219, 147, 255, 83, 69, 49, 255, 0, 0, 0, 203, 5, 0, 0, 54, 27, 12, 11, 0, 21, 5, 7, 0, 21, 5, 7, 10, 21, 5, 7, 10, 23, 7, 8, 0, 27, 12, 11, 0, 5, 0, 0, 55, 0, 0, 0, 203, 83, 68, 47, 255, 226, 215, 140, 255, 221, 210, 137, 247, 79, 64, 44, 255, 0, 0, 0, 255, 34, 19, 18, 255, 75, 61, 45, 254, 71, 56, 43, 253, 41, 26, 22, 255, 2, 0, 0, 255, 8, 0, 0, 255, 51, 36, 29, 255, 51, 36, 29, 255, 7, 0, 0, 255, 6, 0, 0, 255, 54, 39, 31, 255, 44, 29, 25, 253, 3, 0, 0, 254, 76, 62, 43, 254, 222, 211, 137, 247, 224, 213, 139, 255, 83, 68, 47, 255, 0, 0, 0, 203, 5, 0, 0, 54, 27, 12, 11, 0, 21, 5, 7, 0, 21, 5, 7, 10, 21, 5, 7, 10, 23, 7, 8, 0, 27, 12, 11, 0, 5, 0, 0, 55, 0, 0, 0, 203, 82, 68, 46, 255, 225, 213, 135, 255, 222, 210, 134, 247, 81, 66, 45, 255, 0, 0, 0, 255, 20, 4, 4, 255, 45, 29, 19, 255, 35, 19, 13, 255, 46, 30, 21, 253, 66, 51, 34, 248, 63, 48, 32, 249, 42, 26, 18, 254, 42, 26, 18, 254, 63, 47, 32, 249, 69, 53, 36, 248, 55, 39, 26, 253, 15, 0, 1, 255, 0, 0, 0, 255, 81, 67, 45, 253, 223, 211, 135, 247, 223, 211, 134, 255, 83, 68, 46, 255, 0, 0, 0, 203, 5, 0, 0, 54, 27, 12, 11, 0, 21, 5, 7, 0, 21, 5, 7, 10, 21, 5, 7, 10, 23, 7, 8, 0, 27, 11, 11, 0, 5, 0, 0, 55, 0, 0, 0, 203, 83, 68, 45, 255, 229, 216, 133, 255, 212, 199, 123, 247, 65, 50, 34, 255, 26, 9, 9, 255, 136, 122, 75, 255, 207, 194, 117, 255, 194, 180, 109, 255, 184, 170, 104, 255, 199, 186, 114, 255, 197, 184, 113, 255, 187, 173, 105, 255, 185, 172, 105, 255, 192, 179, 110, 255, 210, 197, 120, 255, 213, 199, 121, 255, 133, 118, 73, 255, 23, 7, 8, 255, 66, 50, 34, 253, 212, 199, 123, 247, 227, 214, 132, 255, 82, 67, 44, 255, 0, 0, 0, 203, 5, 0, 0, 54, 27, 11, 11, 0, 21, 5, 7, 0, 21, 5, 7, 10, 21, 5, 7, 10, 23, 7, 8, 0, 27, 11, 11, 0, 5, 0, 0, 55, 0, 0, 0, 203, 84, 68, 44, 255, 231, 217, 130, 255, 206, 192, 115, 247, 56, 40, 27, 255, 45, 29, 21, 255, 208, 195, 118, 255, 255, 255, 178, 255, 255, 255, 169, 255, 255, 253, 152, 255, 255, 255, 154, 255, 255, 255, 154, 255, 255, 255, 157, 255, 255, 255, 156, 255, 255, 249, 150, 255, 255, 255, 164, 255, 255, 255, 177, 255, 208, 194, 118, 255, 43, 28, 21, 255, 55, 40, 27, 253, 206, 192, 115, 247, 229, 216, 129, 255, 82, 67, 43, 255, 0, 0, 0, 203, 5, 0, 0, 54, 27, 11, 11, 0, 21, 5, 7, 0, 21, 5, 7, 10, 21, 5, 7, 10, 22, 7, 8, 0, 27, 11, 11, 0, 5, 0, 0, 55, 0, 0, 0, 203, 84, 68, 42, 255, 230, 215, 125, 255, 207, 192, 112, 247, 57, 41, 27, 255, 42, 26, 19, 255, 197, 182, 107, 255, 255, 255, 162, 255, 255, 255, 153, 255, 254, 239, 140, 255, 255, 247, 144, 255, 255, 247, 144, 255, 255, 247, 144, 255, 255, 245, 143, 255, 254, 239, 140, 255, 255, 255, 153, 255, 255, 255, 162, 255, 195, 181, 106, 255, 40, 24, 18, 255, 57, 41, 27, 253, 206, 191, 111, 247, 228, 214, 124, 255, 82, 67, 42, 255, 0, 0, 0, 203, 5, 0, 0, 54, 27, 11, 11, 0, 21, 5, 7, 0, 21, 5, 7, 10, 21, 5, 7, 10, 22, 7, 8, 0, 27, 11, 10, 0, 5, 0, 0, 55, 0, 0, 0, 203, 83, 68, 41, 255, 229, 214, 120, 255, 208, 192, 108, 247, 60, 44, 28, 255, 37, 21, 15, 255, 179, 163, 92, 255, 255, 253, 140, 255, 253, 238, 132, 255, 232, 217, 121, 255, 239, 223, 124, 255, 239, 223, 124, 255, 239, 223, 124, 255, 237, 222, 123, 255, 232, 217, 121, 255, 253, 238, 132, 255, 255, 253, 140, 255, 178, 162, 91, 255, 35, 19, 15, 255, 59, 43, 28, 253, 208, 192, 108, 247, 227, 212, 119, 255, 82, 66, 40, 255, 0, 0, 0, 203, 5, 0, 0, 54, 27, 11, 10, 0, 21, 5, 7, 0, 21, 5, 7, 10, 21, 5, 7, 10, 22, 7, 8, 0, 27, 11, 10, 0, 5, 0, 0, 55, 0, 0, 0, 203, 83, 68, 40, 255, 229, 214, 116, 255, 207, 192, 104, 247, 59, 43, 27, 255, 38, 22, 16, 255, 184, 168, 92, 255, 255, 255, 139, 255, 255, 245, 132, 255, 238, 223, 120, 255, 245, 230, 124, 255, 245, 230, 124, 255, 245, 230, 124, 255, 243, 228, 123, 255, 238, 223, 120, 255, 255, 245, 132, 255, 255, 255, 140, 255, 183, 167, 91, 255, 37, 21, 15, 255, 59, 43, 27, 253, 207, 192, 104, 247, 228, 212, 115, 255, 82, 66, 39, 255, 0, 0, 0, 203, 5, 0, 0, 54, 27, 11, 10, 0, 21, 5, 7, 0, 21, 5, 7, 10, 21, 5, 7, 10, 22, 7, 8, 0, 27, 11, 10, 0, 5, 0, 0, 55, 0, 0, 0, 203, 83, 68, 39, 255, 229, 214, 114, 255, 207, 192, 103, 247, 59, 43, 27, 255, 38, 22, 16, 255, 184, 169, 91, 255, 255, 255, 138, 255, 255, 246, 130, 255, 238, 223, 119, 255, 245, 230, 122, 255, 245, 230, 122, 255, 245, 230, 122, 255, 243, 228, 121, 255, 238, 223, 119, 255, 255, 245, 130, 255, 255, 255, 138, 255, 183, 167, 90, 255, 37, 21, 15, 255, 59, 43, 26, 253, 207, 192, 103, 247, 228, 213, 113, 255, 82, 66, 38, 255, 0, 0, 0, 203, 5, 0, 0, 54, 27, 11, 10, 0, 21, 5, 7, 0, 21, 5, 7, 10),
"format": "RGBA8",
"height": 32,
"mipmaps": false,
"width": 32
},"script":null)
,"script":null,"metadata/path":"res://assets/img/icons/registry_base.png")
,
"res://registries/stores/": Object(ImageTexture,"resource_local_to_scene":false,"resource_name":"","image":Object(Image,"resource_local_to_scene":false,"resource_name":"","data":{
"data": PackedByteArray(21, 5, 7, 0, 21, 5, 7, 0, 21, 5, 7, 0, 21, 5, 7, 0, 21, 5, 7, 0, 21, 5, 7, 0, 21, 5, 7, 0, 21, 5, 7, 0, 21, 5, 7, 0, 21, 5, 7, 0, 21, 5, 7, 0, 21, 5, 7, 0, 21, 5, 7, 0, 21, 5, 7, 0, 21, 5, 7, 0, 21, 5, 7, 0, 21, 5, 7, 0, 21, 5, 7, 0, 21, 5, 7, 0, 21, 5, 7, 0, 21, 5, 7, 0, 21, 5, 7, 0, 21, 5, 7, 0, 21, 5, 7, 0, 21, 5, 7, 0, 21, 5, 7, 0, 21, 5, 7, 0, 21, 5, 7, 0, 21, 5, 7, 0, 21, 5, 7, 0, 21, 5, 7, 0, 21, 5, 7, 0, 21, 5, 7, 49, 21, 5, 7, 49, 21, 5, 7, 49, 21, 5, 7, 49, 21, 5, 7, 49, 21, 5, 7, 49, 22, 6, 8, 49, 23, 6, 9, 49, 23, 6, 9, 49, 22, 6, 9, 49, 22, 6, 9, 49, 22, 6, 9, 49, 22, 6, 9, 49, 22, 6, 9, 49, 22, 6, 9, 49, 22, 6, 9, 49, 22, 6, 9, 49, 22, 6, 9, 49, 22, 6, 9, 49, 22, 6, 9, 49, 22, 6, 9, 49, 22, 6, 9, 49, 22, 6, 9, 49, 22, 6, 9, 49, 23, 6, 9, 49, 22, 6, 8, 49, 21, 5, 7, 49, 21, 5, 7, 49, 21, 5, 7, 49, 21, 5, 7, 49, 21, 5, 7, 49, 21, 5, 7, 49, 21, 5, 7, 190, 21, 5, 7, 190, 21, 5, 7, 190, 21, 5, 7, 190, 20, 4, 6, 190, 22, 6, 8, 190, 26, 10, 12, 190, 28, 11, 15, 190, 27, 11, 14, 190, 27, 11, 14, 190, 27, 11, 14, 190, 27, 11, 14, 190, 27, 11, 14, 190, 27, 11, 14, 190, 27, 11, 14, 190, 27, 11, 14, 190, 27, 11, 14, 190, 27, 11, 14, 190, 27, 11, 14, 190, 27, 11, 14, 190, 27, 11, 14, 190, 27, 11, 14, 190, 27, 10, 14, 190, 27, 11, 14, 190, 28, 11, 15, 190, 26, 9, 12, 190, 22, 6, 8, 190, 20, 4, 6, 190, 21, 5, 7, 190, 21, 5, 7, 190, 21, 5, 7, 190, 21, 5, 7, 190, 21, 5, 7, 255, 21, 5, 7, 255, 21, 5, 7, 255, 22, 6, 8, 255, 22, 6, 9, 255, 18, 2, 4, 255, 10, 0, 0, 255, 6, 0, 0, 255, 7, 0, 0, 255, 8, 0, 0, 255, 8, 0, 0, 255, 8, 0, 0, 255, 8, 0, 0, 255, 8, 0, 0, 255, 8, 0, 0, 255, 8, 0, 0, 255, 8, 0, 0, 255, 8, 0, 0, 255, 8, 0, 0, 255, 8, 0, 0, 255, 8, 0, 0, 255, 8, 0, 0, 255, 8, 0, 0, 255, 7, 0, 0, 255, 7, 0, 0, 255, 11, 0, 0, 255, 18, 2, 4, 255, 22, 6, 9, 255, 22, 6, 8, 255, 21, 5, 7, 255, 21, 5, 7, 255, 21, 5, 7, 255, 21, 5, 7, 255, 21, 5, 7, 255, 20, 4, 6, 255, 22, 6, 9, 255, 23, 7, 10, 255, 16, 1, 2, 255, 3, 0, 0, 255, 0, 0, 0, 255, 0, 0, 0, 255, 0, 0, 0, 255, 0, 0, 0, 255, 0, 0, 0, 255, 0, 0, 0, 255, 0, 0, 0, 255, 0, 0, 0, 255, 0, 0, 0, 255, 0, 0, 0, 255, 0, 0, 0, 255, 0, 0, 0, 255, 0, 0, 0, 255, 0, 0, 0, 255, 0, 0, 0, 255, 0, 0, 0, 255, 0, 0, 0, 255, 0, 0, 0, 255, 4, 0, 0, 255, 17, 1, 2, 255, 23, 7, 10, 255, 23, 6, 9, 255, 20, 4, 6, 255, 21, 5, 7, 255, 21, 5, 7, 255, 21, 5, 7, 255, 21, 5, 7, 255, 22, 6, 8, 251, 18, 2, 4, 245, 16, 1, 2, 246, 30, 14, 18, 248, 57, 39, 47, 247, 71, 52, 63, 247, 69, 51, 62, 247, 64, 47, 57, 247, 66, 48, 58, 247, 66, 48, 58, 247, 67, 48, 58, 247, 66, 47, 58, 247, 65, 47, 57, 247, 64, 46, 56, 247, 64, 46, 56, 247, 64, 47, 57, 247, 65, 47, 58, 247, 65, 47, 58, 247, 65, 47, 58, 247, 65, 47, 58, 247, 64, 46, 57, 247, 68, 50, 61, 247, 70, 51, 63, 247, 56, 38, 47, 247, 30, 14, 17, 248, 16, 1, 2, 246, 18, 2, 3, 245, 22, 6, 8, 251, 21, 5, 7, 255, 21, 5, 7, 255, 21, 5, 7, 255, 22, 6, 8, 255, 26, 10, 12, 255, 10, 0, 0, 251, 3, 0, 0, 253, 57, 39, 47, 255, 156, 134, 160, 255, 208, 184, 220, 255, 202, 178, 213, 255, 185, 161, 195, 255, 189, 166, 200, 255, 191, 166, 201, 255, 192, 165, 201, 255, 190, 163, 199, 255, 185, 161, 194, 255, 182, 159, 191, 255, 182, 159, 191, 255, 184, 161, 194, 255, 186, 163, 198, 255, 187, 164, 200, 255, 187, 164, 200, 255, 187, 162, 198, 255, 185, 158, 195, 255, 200, 173, 212, 255, 205, 179, 219, 255, 152, 130, 158, 255, 55, 37, 46, 255, 4, 0, 0, 253, 9, 0, 0, 251, 26, 9, 12, 255, 21, 5, 7, 255, 21, 5, 7, 255, 21, 5, 7, 194, 23, 6, 9, 212, 28, 11, 15, 241, 6, 0, 0, 255, 0, 0, 0, 255, 70, 52, 63, 253, 207, 182, 219, 255, 255, 251, 255, 255, 255, 242, 255, 255, 247, 220, 255, 255, 254, 227, 255, 255, 254, 226, 255, 255, 254, 224, 255, 255, 255, 227, 255, 255, 255, 235, 255, 255, 255, 240, 255, 255, 255, 240, 255, 255, 255, 234, 255, 255, 255, 226, 255, 255, 250, 222, 255, 255, 250, 223, 255, 255, 251, 222, 255, 255, 247, 216, 255, 255, 255, 235, 255, 255, 255, 245, 255, 255, 201, 177, 217, 255, 67, 49, 61, 253, 0, 0, 0, 255, 5, 0, 0, 255, 27, 11, 15, 241, 21, 5, 7, 211, 21, 5, 7, 194, 21, 5, 7, 26, 23, 6, 9, 91, 27, 11, 14, 203, 7, 0, 0, 255, 0, 0, 0, 255, 68, 50, 61, 249, 200, 174, 213, 255, 255, 238, 255, 255, 255, 230, 255, 255, 238, 209, 255, 255, 245, 217, 255, 255, 243, 214, 255, 255, 242, 212, 255, 255, 250, 219, 255, 255, 255, 233, 255, 255, 255, 243, 255, 255, 255, 242, 255, 255, 255, 232, 255, 255, 250, 218, 255, 255, 242, 210, 255, 255, 243, 211, 255, 255, 244, 212, 255, 255, 239, 205, 255, 255, 255, 223, 255, 255, 255, 232, 255, 255, 193, 168, 210, 254, 65, 47, 60, 249, 0, 0, 0, 255, 6, 0, 0, 255, 27, 11, 14, 203, 21, 5, 7, 90, 21, 5, 7, 26, 21, 5, 7, 0, 22, 6, 9, 27, 27, 10, 14, 183, 8, 0, 0, 255, 0, 0, 0, 255, 63, 44, 56, 247, 180, 154, 192, 255, 242, 210, 255, 255, 234, 203, 255, 255, 214, 184, 232, 255, 219, 189, 237, 255, 223, 193, 243, 255, 225, 195, 246, 255, 208, 179, 225, 255, 177, 150, 189, 255, 155, 130, 163, 255, 153, 129, 163, 255, 177, 150, 190, 255, 210, 177, 226, 255, 228, 193, 246, 255, 226, 191, 244, 255, 218, 184, 236, 255, 214, 181, 233, 255, 231, 197, 253, 255, 238, 204, 255, 255, 175, 148, 190, 253, 61, 42, 54, 246, 1, 0, 0, 255, 7, 0, 0, 255, 27, 10, 14, 183, 21, 5, 7, 26, 21, 5, 7, 0, 21, 5, 7, 0, 22, 6, 9, 34, 27, 10, 14, 185, 8, 0, 0, 255, 0, 0, 0, 255, 63, 44, 56, 247, 180, 152, 193, 255, 242, 208, 255, 255, 235, 201, 255, 255, 213, 181, 231, 255, 215, 183, 234, 255, 231, 198, 254, 255, 238, 205, 255, 255, 182, 153, 197, 255, 79, 59, 75, 255, 6, 0, 0, 255, 4, 0, 0, 255, 80, 60, 76, 255, 184, 152, 197, 255, 241, 203, 255, 255, 234, 196, 255, 255, 213, 178, 233, 255, 212, 179, 233, 255, 230, 195, 254, 255, 238, 202, 255, 255, 177, 146, 191, 253, 61, 41, 55, 247, 1, 0, 0, 255, 7, 0, 0, 255, 27, 10, 14, 185, 21, 5, 7, 33, 21, 5, 7, 0, 21, 5, 7, 0, 22, 6, 9, 55, 27, 11, 14, 192, 7, 0, 0, 255, 0, 0, 0, 255, 67, 47, 61, 248, 195, 162, 212, 255, 255, 223, 255, 255, 254, 216, 255, 255, 230, 195, 254, 255, 232, 196, 255, 255, 249, 211, 255, 255, 255, 218, 255, 255, 202, 167, 220, 255, 99, 73, 100, 255, 26, 7, 14, 255, 24, 6, 12, 255, 100, 74, 101, 255, 202, 165, 220, 255, 255, 215, 255, 255, 250, 209, 255, 255, 229, 191, 255, 255, 229, 192, 255, 255, 249, 209, 255, 255, 255, 217, 255, 255, 192, 156, 209, 253, 65, 44, 59, 247, 0, 0, 0, 255, 6, 0, 0, 255, 27, 10, 14, 192, 21, 5, 7, 53, 21, 5, 7, 0, 21, 5, 7, 0, 23, 6, 9, 49, 28, 11, 15, 190, 7, 0, 0, 255, 0, 0, 0, 255, 70, 48, 65, 247, 205, 167, 224, 255, 255, 230, 255, 255, 255, 224, 255, 255, 241, 203, 255, 255, 246, 206, 255, 255, 252, 210, 255, 255, 255, 213, 255, 255, 240, 197, 255, 255, 208, 168, 229, 255, 185, 148, 203, 255, 185, 147, 202, 255, 208, 168, 230, 255, 239, 195, 255, 255, 254, 210, 255, 255, 251, 208, 255, 255, 243, 202, 255, 255, 241, 199, 255, 255, 255, 217, 255, 255, 255, 225, 255, 255, 200, 162, 222, 253, 67, 46, 63, 247, 0, 0, 0, 255, 5, 0, 0, 255, 27, 11, 15, 190, 21, 5, 7, 47, 21, 5, 7, 0, 21, 5, 7, 0, 22, 6, 8, 49, 25, 9, 12, 190, 12, 0, 0, 255, 5, 0, 0, 255, 53, 32, 44, 247, 140, 109, 147, 255, 185, 149, 201, 255, 178, 146, 194, 255, 163, 133, 177, 255, 167, 136, 183, 255, 166, 133, 180, 255, 166, 132, 179, 255, 175, 140, 188, 255, 190, 153, 207, 255, 200, 163, 219, 255, 200, 163, 220, 255, 189, 153, 207, 255, 174, 139, 189, 255, 164, 131, 179, 255, 163, 132, 179, 255, 165, 134, 181, 255, 163, 130, 176, 255, 177, 141, 192, 255, 182, 146, 200, 255, 136, 106, 145, 253, 51, 31, 43, 247, 6, 0, 0, 255, 11, 0, 0, 255, 25, 9, 12, 190, 21, 5, 7, 47, 21, 5, 7, 0, 21, 5, 7, 0, 21, 5, 7, 49, 22, 6, 8, 190, 20, 4, 5, 255, 19, 3, 4, 255, 26, 9, 12, 247, 38, 20, 27, 255, 44, 26, 34, 255, 43, 25, 33, 255, 41, 23, 31, 255, 41, 24, 32, 255, 40, 23, 30, 255, 40, 22, 29, 255, 45, 26, 34, 255, 53, 33, 44, 255, 58, 38, 50, 255, 58, 39, 51, 255, 52, 33, 44, 255, 45, 26, 35, 255, 40, 22, 30, 255, 40, 23, 30, 255, 41, 24, 31, 255, 41, 23, 30, 255, 43, 25, 33, 255, 44, 26, 34, 255, 37, 20, 26, 253, 25, 9, 12, 247, 19, 3, 4, 255, 20, 4, 5, 255, 22, 6, 8, 190, 21, 5, 7, 47, 21, 5, 7, 0, 21, 5, 7, 0, 21, 5, 7, 49, 22, 5, 8, 190, 20, 4, 5, 255, 19, 3, 4, 255, 25, 9, 12, 247, 37, 18, 27, 255, 43, 24, 35, 255, 43, 23, 34, 255, 41, 21, 32, 255, 42, 22, 32, 255, 42, 22, 33, 255, 42, 22, 34, 255, 40, 20, 31, 255, 35, 17, 26, 255, 32, 14, 22, 255, 32, 14, 22, 255, 36, 16, 25, 255, 40, 20, 30, 255, 42, 22, 33, 255, 42, 22, 33, 255, 41, 21, 32, 255, 40, 21, 32, 255, 42, 22, 34, 255, 44, 23, 35, 255, 37, 18, 27, 253, 25, 8, 12, 247, 19, 3, 4, 255, 20, 4, 5, 255, 22, 5, 8, 190, 21, 5, 7, 47, 21, 5, 7, 0, 21, 5, 7, 0, 22, 6, 8, 49, 25, 8, 12, 190, 12, 0, 0, 255, 6, 0, 0, 255, 50, 30, 43, 247, 132, 100, 144, 255, 176, 137, 198, 255, 173, 132, 192, 255, 159, 120, 176, 255, 164, 124, 181, 255, 164, 124, 181, 255, 164, 123, 182, 255, 161, 121, 179, 255, 156, 120, 175, 255, 153, 118, 171, 255, 155, 117, 171, 255, 158, 118, 174, 255, 161, 120, 178, 255, 163, 122, 181, 255, 163, 122, 180, 255, 161, 120, 178, 255, 157, 117, 175, 255, 169, 127, 191, 255, 176, 132, 199, 255, 133, 96, 144, 253, 50, 29, 43, 247, 6, 0, 0, 255, 11, 0, 0, 255, 25, 8, 12, 190, 21, 5, 7, 47, 21, 5, 7, 0, 21, 5, 7, 0, 22, 6, 9, 49, 27, 10, 15, 190, 7, 0, 0, 255, 0, 0, 0, 255, 67, 44, 64, 247, 196, 153, 222, 255, 255, 210, 255, 255, 255, 203, 255, 255, 236, 184, 255, 255, 243, 190, 255, 255, 241, 189, 255, 255, 240, 187, 255, 255, 243, 190, 255, 255, 249, 196, 255, 255, 254, 200, 255, 255, 255, 199, 255, 255, 250, 194, 255, 255, 243, 189, 255, 255, 239, 186, 255, 255, 239, 186, 255, 255, 239, 186, 255, 255, 233, 181, 255, 255, 253, 196, 255, 255, 255, 203, 255, 255, 194, 147, 221, 253, 66, 42, 62, 247, 0, 0, 0, 255, 6, 0, 0, 255, 27, 10, 15, 190, 21, 5, 7, 47, 21, 5, 7, 0, 21, 5, 7, 0, 22, 6, 9, 49, 27, 10, 14, 190, 8, 0, 0, 255, 0, 0, 0, 255, 64, 41, 61, 247, 185, 142, 209, 255, 249, 194, 255, 255, 242, 187, 255, 255, 222, 169, 254, 255, 228, 174, 255, 255, 224, 172, 255, 255, 222, 171, 255, 255, 230, 177, 255, 255, 245, 189, 255, 255, 255, 196, 255, 255, 255, 195, 255, 255, 244, 187, 255, 255, 231, 176, 255, 255, 222, 170, 255, 255, 222, 170, 255, 255, 224, 171, 255, 255, 220, 166, 254, 255, 239, 181, 255, 255, 246, 186, 255, 255, 181, 134, 207, 253, 62, 38, 59, 247, 0, 0, 0, 255, 7, 0, 0, 255, 27, 10, 14, 190, 21, 5, 7, 47, 21, 5, 7, 0, 21, 5, 7, 0, 22, 6, 9, 49, 26, 9, 13, 190, 9, 0, 0, 255, 2, 0, 0, 255, 60, 37, 55, 247, 168, 124, 189, 255, 225, 170, 255, 255, 217, 164, 251, 255, 198, 148, 228, 255, 202, 151, 234, 255, 206, 155, 240, 255, 208, 156, 242, 255, 192, 144, 222, 255, 165, 122, 186, 255, 145, 105, 161, 255, 144, 105, 160, 255, 164, 121, 187, 255, 193, 143, 223, 255, 208, 155, 243, 255, 206, 153, 240, 255, 200, 148, 232, 255, 199, 146, 229, 255, 215, 159, 249, 255, 220, 164, 255, 255, 162, 118, 187, 253, 57, 34, 53, 247, 2, 0, 0, 255, 8, 0, 0, 255, 26, 9, 13, 190, 21, 5, 7, 47, 21, 5, 7, 0, 21, 5, 7, 0, 22, 6, 9, 49, 26, 9, 14, 190, 9, 0, 0, 255, 2, 0, 0, 255, 60, 36, 55, 247, 168, 122, 190, 255, 224, 167, 255, 255, 216, 162, 252, 255, 196, 146, 228, 255, 199, 147, 230, 255, 214, 158, 250, 255, 221, 164, 255, 255, 169, 124, 193, 255, 75, 49, 74, 255, 8, 0, 0, 255, 6, 0, 0, 255, 75, 49, 75, 255, 168, 123, 194, 255, 221, 163, 255, 255, 215, 157, 252, 255, 198, 143, 229, 255, 198, 144, 230, 255, 213, 156, 250, 255, 220, 161, 255, 255, 163, 117, 188, 253, 58, 34, 54, 247, 2, 0, 0, 255, 8, 0, 0, 255, 26, 9, 13, 190, 21, 5, 7, 47, 21, 5, 7, 0, 21, 5, 7, 0, 22, 6, 9, 49, 27, 9, 14, 190, 8, 0, 0, 255, 0, 0, 0, 255, 63, 38, 60, 247, 181, 129, 208, 255, 241, 177, 255, 255, 233, 172, 255, 255, 211, 155, 250, 255, 215, 156, 253, 255, 231, 168, 255, 255, 238, 174, 255, 255, 186, 133, 217, 255, 92, 59, 98, 255, 25, 6, 14, 255, 24, 5, 12, 255, 93, 60, 99, 255, 185, 132, 216, 255, 237, 172, 255, 255, 232, 167, 255, 255, 213, 152, 251, 255, 212, 152, 251, 255, 229, 166, 255, 255, 238, 172, 255, 255, 177, 124, 206, 253, 61, 36, 59, 247, 0, 0, 0, 255, 7, 0, 0, 255, 27, 9, 14, 190, 21, 5, 7, 47, 21, 5, 7, 0, 21, 5, 7, 0, 22, 6, 9, 49, 27, 10, 15, 190, 8, 0, 0, 255, 0, 0, 0, 255, 65, 39, 64, 247, 188, 134, 221, 255, 252, 183, 255, 255, 244, 176, 255, 255, 223, 159, 255, 255, 228, 163, 255, 255, 233, 167, 255, 255, 236, 169, 255, 255, 219, 156, 255, 255, 190, 133, 225, 255, 170, 117, 199, 255, 170, 116, 199, 255, 192, 133, 226, 255, 220, 154, 255, 255, 235, 166, 255, 255, 232, 165, 255, 255, 225, 159, 255, 255, 220, 156, 255, 255, 240, 170, 255, 255, 250, 177, 255, 255, 186, 128, 218, 253, 64, 37, 62, 247, 0, 0, 0, 255, 6, 0, 0, 255, 27, 9, 15, 190, 21, 5, 7, 47, 21, 5, 7, 0, 21, 5, 7, 0, 22, 6, 8, 49, 25, 8, 12, 190, 13, 0, 0, 255, 7, 0, 0, 255, 49, 27, 43, 247, 128, 88, 145, 255, 170, 119, 198, 255, 165, 115, 191, 255, 152, 104, 174, 255, 156, 108, 180, 255, 154, 106, 177, 255, 153, 105, 176, 255, 160, 111, 185, 255, 173, 122, 203, 255, 184, 129, 216, 255, 185, 130, 216, 255, 175, 121, 203, 255, 161, 110, 186, 255, 152, 104, 176, 255, 152, 105, 176, 255, 153, 106, 178, 255, 148, 102, 174, 255, 162, 111, 190, 255, 169, 116, 197, 255, 128, 84, 143, 253, 49, 26, 42, 247, 7, 0, 0, 255, 11, 0, 0, 255, 25, 8, 12, 190, 21, 5, 7, 47, 21, 5, 7, 0, 21, 5, 7, 0, 21, 5, 7, 49, 22, 5, 8, 190, 20, 4, 5, 255, 19, 3, 4, 255, 25, 8, 12, 247, 36, 17, 26, 255, 42, 22, 34, 255, 41, 21, 33, 255, 40, 19, 30, 255, 40, 20, 31, 255, 39, 19, 30, 255, 38, 19, 29, 255, 42, 22, 34, 255, 49, 27, 43, 255, 55, 31, 50, 255, 55, 32, 50, 255, 50, 27, 43, 255, 43, 22, 34, 255, 39, 19, 29, 255, 39, 19, 30, 255, 39, 20, 31, 255, 38, 19, 30, 255, 41, 20, 32, 255, 42, 21, 33, 255, 36, 17, 26, 253, 25, 8, 12, 247, 19, 3, 5, 255, 20, 4, 5, 255, 22, 5, 8, 190, 21, 5, 7, 47, 21, 5, 7, 0, 21, 5, 7, 0, 21, 5, 7, 49, 22, 5, 8, 190, 20, 4, 5, 255, 19, 4, 4, 255, 25, 8, 12, 247, 36, 15, 27, 255, 42, 19, 34, 255, 41, 19, 34, 255, 39, 17, 31, 255, 39, 17, 32, 255, 40, 17, 33, 255, 41, 18, 33, 255, 38, 16, 30, 255, 34, 14, 25, 255, 31, 12, 22, 255, 31, 11, 22, 255, 34, 13, 25, 255, 37, 16, 30, 255, 40, 18, 33, 255, 40, 17, 33, 255, 40, 17, 32, 255, 39, 17, 31, 255, 41, 18, 33, 255, 41, 18, 35, 255, 35, 14, 27, 253, 25, 7, 12, 247, 19, 4, 4, 255, 20, 4, 5, 255, 22, 5, 8, 190, 21, 5, 7, 47, 21, 5, 7, 0, 21, 5, 7, 0, 22, 6, 8, 49, 25, 8, 12, 190, 13, 0, 0, 255, 8, 0, 0, 255, 48, 24, 43, 247, 124, 78, 142, 255, 163, 106, 195, 255, 158, 103, 189, 255, 145, 93, 173, 255, 150, 95, 178, 255, 151, 95, 178, 255, 151, 95, 179, 255, 149, 94, 176, 255, 145, 93, 172, 255, 142, 92, 169, 255, 142, 90, 169, 255, 143, 91, 172, 255, 146, 93, 176, 255, 149, 94, 178, 255, 150, 93, 178, 255, 149, 92, 175, 255, 146, 90, 172, 255, 157, 98, 188, 255, 162, 102, 196, 255, 122, 74, 142, 253, 47, 23, 42, 247, 8, 0, 0, 255, 12, 0, 0, 255, 25, 7, 12, 190, 21, 5, 7, 47, 21, 5, 7, 0, 21, 5, 7, 0, 22, 6, 9, 49, 27, 9, 15, 190, 8, 0, 0, 255, 0, 0, 0, 255, 63, 35, 63, 247, 181, 119, 218, 255, 243, 163, 255, 255, 236, 157, 255, 255, 216, 142, 255, 255, 223, 146, 255, 255, 222, 144, 255, 255, 222, 144, 255, 255, 224, 147, 255, 255, 230, 152, 255, 255, 233, 154, 255, 255, 233, 153, 255, 255, 229, 150, 255, 255, 222, 146, 255, 255, 219, 143, 255, 255, 220, 143, 255, 255, 220, 142, 255, 255, 215, 139, 255, 255, 233, 151, 255, 255, 241, 156, 255, 255, 178, 113, 217, 253, 62, 33, 61, 247, 0, 0, 0, 255, 7, 0, 0, 255, 27, 9, 15, 190, 21, 5, 7, 47, 21, 5, 7, 0, 21, 5, 7, 0, 22, 6, 9, 49, 26, 9, 14, 190, 9, 0, 0, 255, 2, 0, 0, 255, 60, 32, 60, 247, 170, 108, 206, 255, 228, 148, 255, 255, 223, 144, 255, 255, 205, 131, 251, 255, 211, 134, 255, 255, 208, 132, 255, 255, 206, 132, 254, 255, 212, 136, 255, 255, 225, 144, 255, 255, 234, 150, 255, 255, 235, 150, 255, 255, 226, 144, 255, 255, 213, 136, 255, 255, 206, 131, 254, 255, 206, 130, 255, 255, 207, 131, 255, 255, 202, 128, 250, 255, 219, 138, 255, 255, 226, 142, 255, 255, 167, 103, 204, 253, 59, 30, 58, 247, 2, 0, 0, 255, 8, 0, 0, 255, 26, 9, 14, 190, 21, 5, 7, 47, 21, 5, 7, 0, 21, 5, 7, 0, 22, 6, 9, 49, 26, 8, 13, 190, 11, 0, 0, 255, 4, 0, 0, 255, 56, 29, 55, 247, 154, 94, 188, 255, 207, 128, 255, 255, 202, 124, 250, 255, 185, 113, 227, 255, 188, 115, 232, 255, 191, 118, 237, 255, 192, 119, 239, 255, 178, 110, 221, 255, 154, 94, 188, 255, 137, 82, 164, 255, 138, 82, 163, 255, 156, 94, 188, 255, 180, 109, 221, 255, 193, 117, 240, 255, 191, 116, 238, 255, 185, 112, 231, 255, 183, 111, 227, 255, 198, 120, 248, 255, 205, 124, 255, 255, 152, 90, 185, 253, 55, 27, 53, 247, 4, 0, 0, 255, 9, 0, 0, 255, 26, 8, 13, 190, 21, 5, 7, 47, 21, 5, 7, 0, 21, 5, 7, 0, 22, 6, 9, 49, 26, 8, 14, 190, 10, 0, 0, 255, 3, 0, 0, 255, 57, 29, 56, 247, 158, 94, 192, 255, 211, 128, 255, 255, 205, 124, 255, 255, 186, 112, 232, 255, 187, 113, 235, 255, 199, 121, 251, 255, 205, 125, 255, 255, 162, 98, 201, 255, 85, 47, 95, 255, 30, 11, 19, 255, 29, 11, 17, 255, 87, 47, 96, 255, 163, 95, 201, 255, 206, 122, 255, 255, 201, 119, 253, 255, 186, 110, 233, 255, 186, 110, 233, 255, 202, 119, 254, 255, 209, 124, 255, 255, 155, 90, 191, 253, 56, 27, 55, 247, 3, 0, 0, 255, 9, 0, 0, 255, 26, 8, 14, 190, 21, 5, 7, 47, 21, 5, 7, 0, 21, 5, 7, 0, 22, 6, 9, 49, 26, 8, 14, 190, 10, 0, 0, 255, 3, 0, 0, 255, 57, 28, 56, 247, 158, 93, 192, 255, 210, 127, 255, 255, 204, 122, 255, 255, 184, 110, 232, 255, 184, 110, 232, 255, 201, 122, 255, 255, 209, 127, 255, 255, 151, 89, 187, 255, 44, 19, 38, 255, 0, 0, 0, 255, 0, 0, 0, 255, 44, 19, 40, 255, 151, 86, 186, 255, 210, 124, 255, 255, 204, 119, 255, 255, 184, 107, 230, 255, 186, 108, 233, 255, 201, 118, 254, 255, 209, 123, 255, 255, 155, 89, 191, 253, 56, 27, 55, 247, 3, 0, 0, 255, 9, 0, 0, 255, 26, 8, 14, 190, 21, 5, 7, 47, 21, 5, 7, 0),
"format": "RGBA8",
"height": 32,
"mipmaps": false,
"width": 32
},"script":null)
,"script":null,"metadata/path":"res://assets/img/icons/store_base.png")
,
"res://systems/": Object(ImageTexture,"resource_local_to_scene":false,"resource_name":"","image":Object(Image,"resource_local_to_scene":false,"resource_name":"","data":{
"data": PackedByteArray(21, 5, 7, 0, 21, 5, 7, 4, 20, 4, 6, 11, 23, 7, 9, 2, 28, 12, 14, 0, 31, 15, 17, 0, 30, 15, 17, 0, 30, 14, 16, 0, 30, 14, 16, 0, 30, 14, 16, 0, 30, 14, 16, 0, 30, 14, 16, 0, 30, 14, 16, 0, 30, 14, 16, 0, 30, 14, 16, 0, 30, 14, 16, 0, 30, 14, 16, 0, 30, 14, 16, 0, 30, 14, 16, 0, 30, 14, 16, 0, 30, 14, 16, 0, 30, 14, 16, 0, 30, 14, 16, 0, 30, 14, 16, 0, 30, 14, 16, 0, 30, 15, 17, 0, 31, 15, 17, 0, 28, 12, 14, 0, 23, 7, 9, 2, 20, 4, 6, 11, 20, 4, 6, 4, 21, 5, 7, 0, 21, 5, 7, 4, 22, 6, 8, 0, 22, 6, 8, 0, 18, 2, 4, 0, 11, 0, 0, 35, 7, 0, 0, 56, 7, 0, 0, 53, 9, 0, 0, 47, 8, 0, 0, 49, 8, 0, 0, 49, 8, 0, 0, 49, 8, 0, 0, 49, 8, 0, 0, 49, 8, 0, 0, 49, 8, 0, 0, 49, 8, 0, 0, 49, 8, 0, 0, 49, 8, 0, 0, 49, 8, 0, 0, 49, 8, 0, 0, 49, 8, 0, 0, 49, 8, 0, 0, 49, 8, 0, 0, 49, 8, 0, 0, 48, 9, 0, 0, 47, 7, 0, 0, 53, 7, 0, 0, 56, 11, 0, 0, 35, 18, 2, 4, 0, 22, 6, 8, 0, 22, 6, 8, 0, 21, 5, 7, 4, 20, 4, 6, 11, 22, 6, 8, 0, 23, 7, 9, 0, 16, 0, 2, 18, 3, 0, 0, 144, 0, 0, 0, 213, 0, 0, 0, 205, 0, 0, 0, 183, 0, 0, 0, 190, 0, 0, 0, 190, 0, 0, 0, 190, 0, 0, 0, 190, 0, 0, 0, 190, 0, 0, 0, 190, 0, 0, 0, 190, 0, 0, 0, 190, 0, 0, 0, 190, 0, 0, 0, 190, 0, 0, 0, 190, 0, 0, 0, 190, 0, 0, 0, 190, 0, 0, 0, 190, 0, 0, 0, 190, 0, 0, 0, 188, 0, 0, 0, 183, 0, 0, 0, 203, 0, 0, 0, 213, 3, 0, 0, 144, 16, 0, 2, 17, 23, 7, 9, 0, 22, 6, 8, 0, 20, 4, 6, 11, 23, 7, 9, 2, 18, 2, 4, 0, 16, 0, 2, 18, 32, 16, 18, 114, 61, 46, 48, 246, 76, 62, 64, 255, 74, 59, 61, 255, 68, 53, 55, 255, 70, 55, 57, 255, 70, 55, 57, 255, 70, 55, 57, 255, 70, 55, 57, 255, 70, 55, 57, 255, 70, 55, 57, 255, 70, 55, 57, 255, 70, 55, 57, 255, 70, 55, 57, 255, 70, 55, 57, 255, 70, 55, 57, 255, 70, 55, 57, 255, 70, 55, 57, 255, 70, 55, 57, 255, 70, 55, 57, 255, 69, 55, 57, 255, 68, 53, 55, 255, 73, 59, 61, 255, 76, 62, 64, 255, 61, 46, 48, 246, 32, 16, 18, 112, 16, 0, 2, 18, 18, 2, 4, 0, 23, 7, 9, 2, 28, 12, 14, 0, 11, 0, 0, 35, 3, 0, 0, 144, 62, 46, 48, 246, 169, 156, 158, 255, 224, 212, 214, 255, 213, 201, 203, 255, 193, 181, 182, 255, 199, 186, 188, 255, 199, 187, 189, 255, 199, 187, 189, 255, 199, 187, 189, 255, 199, 187, 189, 255, 199, 187, 189, 255, 199, 187, 189, 255, 199, 187, 189, 255, 199, 187, 189, 255, 199, 187, 189, 255, 199, 187, 189, 255, 199, 187, 189, 255, 199, 187, 189, 255, 199, 187, 189, 255, 199, 187, 189, 255, 197, 185, 187, 255, 193, 181, 182, 255, 212, 200, 202, 255, 224, 212, 214, 255, 169, 156, 158, 255, 61, 45, 47, 246, 3, 0, 0, 144, 9, 0, 0, 33, 28, 12, 14, 0, 31, 15, 17, 0, 7, 0, 0, 56, 0, 0, 0, 213, 76, 60, 62, 255, 224, 209, 211, 255, 255, 255, 255, 235, 255, 255, 255, 245, 255, 255, 255, 248, 255, 255, 255, 247, 255, 255, 255, 247, 255, 255, 255, 247, 255, 255, 255, 247, 255, 255, 255, 247, 255, 255, 255, 247, 255, 255, 255, 247, 255, 255, 255, 247, 255, 255, 255, 247, 255, 255, 255, 247, 255, 255, 255, 247, 255, 255, 255, 247, 255, 255, 255, 247, 255, 255, 255, 247, 255, 255, 255, 247, 255, 255, 255, 248, 255, 255, 255, 248, 255, 255, 255, 243, 255, 255, 255, 235, 224, 209, 211, 255, 74, 59, 61, 255, 0, 0, 0, 213, 5, 0, 0, 54, 31, 15, 17, 0, 30, 14, 16, 0, 7, 0, 0, 53, 0, 0, 0, 205, 73, 57, 59, 255, 217, 197, 200, 255, 255, 255, 255, 245, 255, 255, 255, 254, 255, 255, 255, 255, 255, 255, 255, 255, 255, 255, 255, 255, 255, 255, 255, 255, 255, 255, 255, 255, 255, 255, 255, 255, 255, 255, 255, 255, 255, 255, 255, 255, 255, 255, 255, 255, 255, 255, 255, 255, 255, 255, 255, 255, 255, 255, 255, 255, 255, 255, 255, 255, 255, 255, 255, 255, 255, 255, 255, 255, 255, 255, 255, 255, 255, 255, 255, 255, 255, 255, 255, 255, 255, 255, 255, 252, 255, 255, 255, 245, 217, 198, 200, 255, 72, 55, 57, 255, 0, 0, 0, 205, 6, 0, 0, 52, 30, 14, 16, 0, 30, 13, 15, 0, 8, 0, 0, 47, 0, 0, 0, 183, 73, 55, 57, 255, 206, 182, 186, 255, 255, 234, 238, 248, 223, 200, 203, 255, 186, 164, 167, 255, 195, 172, 175, 255, 199, 177, 180, 255, 197, 175, 178, 255, 199, 176, 179, 255, 200, 177, 180, 255, 195, 172, 175, 255, 185, 164, 167, 255, 180, 160, 162, 255, 181, 160, 163, 255, 183, 162, 164, 255, 182, 161, 164, 255, 182, 161, 164, 255, 183, 162, 164, 255, 182, 161, 163, 255, 182, 161, 164, 255, 181, 160, 162, 255, 183, 161, 164, 255, 224, 200, 203, 254, 255, 235, 239, 248, 205, 181, 185, 255, 72, 54, 56, 255, 0, 0, 0, 183, 7, 0, 0, 45, 30, 13, 15, 0, 30, 13, 16, 0, 7, 0, 0, 49, 0, 0, 0, 190, 83, 63, 66, 255, 226, 197, 203, 255, 239, 210, 216, 247, 123, 101, 104, 255, 43, 26, 28, 255, 56, 39, 41, 255, 74, 56, 58, 255, 68, 50, 52, 255, 71, 52, 55, 255, 72, 53, 56, 255, 62, 45, 47, 255, 44, 28, 30, 255, 34, 20, 21, 255, 35, 21, 22, 255, 38, 23, 25, 255, 37, 22, 24, 255, 38, 23, 24, 255, 38, 23, 25, 255, 37, 22, 24, 255, 40, 25, 27, 255, 31, 16, 18, 255, 36, 20, 22, 255, 125, 103, 107, 253, 242, 213, 219, 247, 225, 196, 202, 255, 83, 63, 67, 255, 0, 0, 0, 190, 7, 0, 0, 47, 30, 13, 16, 0, 30, 13, 15, 0, 6, 0, 0, 49, 0, 0, 0, 190, 88, 67, 70, 255, 233, 201, 207, 255, 224, 192, 199, 247, 65, 45, 49, 255, 0, 0, 0, 255, 0, 0, 0, 255, 5, 0, 0, 255, 0, 0, 0, 255, 0, 0, 0, 255, 0, 0, 0, 255, 10, 0, 0, 255, 47, 27, 30, 255, 67, 44, 48, 255, 64, 43, 46, 255, 58, 37, 40, 255, 60, 39, 42, 255, 60, 38, 41, 255, 58, 37, 40, 255, 66, 44, 47, 255, 74, 52, 55, 255, 30, 11, 13, 255, 0, 0, 0, 255, 59, 39, 42, 253, 221, 190, 196, 247, 235, 203, 209, 255, 88, 67, 71, 255, 0, 0, 0, 190, 7, 0, 0, 47, 30, 13, 15, 0, 30, 13, 15, 0, 7, 0, 0, 49, 0, 0, 0, 190, 87, 65, 68, 255, 232, 196, 202, 255, 226, 190, 196, 247, 72, 50, 53, 255, 0, 0, 0, 255, 0, 0, 0, 255, 14, 0, 0, 255, 11, 0, 0, 255, 0, 0, 0, 255, 0, 0, 0, 255, 49, 29, 32, 255, 172, 139, 144, 255, 236, 197, 203, 255, 229, 190, 196, 255, 208, 172, 177, 255, 215, 177, 183, 255, 213, 176, 182, 255, 208, 172, 177, 255, 229, 191, 196, 255, 244, 204, 210, 255, 154, 123, 127, 255, 15, 0, 0, 255, 50, 30, 33, 253, 213, 178, 184, 247, 239, 202, 208, 255, 88, 65, 69, 255, 0, 0, 0, 190, 7, 0, 0, 47, 30, 13, 15, 0, 30, 13, 15, 0, 7, 0, 0, 49, 0, 0, 0, 190, 86, 62, 66, 255, 230, 191, 196, 255, 231, 191, 197, 247, 90, 67, 70, 255, 0, 0, 0, 255, 13, 0, 0, 255, 36, 19, 21, 255, 34, 17, 20, 255, 15, 0, 2, 255, 6, 0, 0, 255, 72, 51, 54, 255, 193, 160, 165, 255, 255, 218, 224, 255, 250, 211, 217, 255, 230, 193, 198, 255, 236, 198, 204, 255, 234, 197, 203, 255, 230, 193, 198, 255, 250, 211, 217, 255, 255, 224, 230, 255, 177, 145, 150, 255, 40, 23, 25, 255, 68, 47, 50, 253, 218, 180, 186, 247, 236, 196, 202, 255, 86, 63, 66, 255, 0, 0, 0, 190, 7, 0, 0, 47, 30, 13, 15, 0, 30, 13, 15, 0, 7, 0, 0, 49, 0, 0, 0, 190, 86, 61, 65, 255, 231, 187, 194, 255, 229, 185, 193, 247, 85, 60, 64, 255, 0, 0, 0, 255, 5, 0, 0, 255, 28, 12, 14, 255, 23, 7, 9, 255, 17, 2, 3, 255, 14, 0, 1, 255, 34, 17, 19, 255, 72, 50, 53, 255, 91, 68, 71, 255, 89, 66, 69, 255, 83, 60, 63, 255, 85, 62, 65, 255, 84, 62, 65, 255, 83, 60, 63, 255, 90, 67, 70, 255, 98, 74, 78, 255, 55, 36, 39, 255, 3, 0, 0, 255, 78, 54, 57, 253, 226, 183, 190, 247, 233, 188, 196, 255, 87, 62, 66, 255, 0, 0, 0, 190, 7, 0, 0, 47, 30, 13, 15, 0, 30, 13, 15, 0, 7, 0, 0, 49, 0, 0, 0, 190, 86, 60, 64, 255, 230, 183, 192, 255, 229, 182, 190, 247, 85, 59, 63, 255, 0, 0, 0, 255, 5, 0, 0, 255, 28, 11, 13, 255, 20, 4, 6, 255, 23, 7, 9, 255, 24, 8, 10, 255, 14, 0, 1, 255, 0, 0, 0, 255, 0, 0, 0, 255, 0, 0, 0, 255, 0, 0, 0, 255, 0, 0, 0, 255, 0, 0, 0, 255, 0, 0, 0, 255, 0, 0, 0, 255, 0, 0, 0, 255, 0, 0, 0, 255, 0, 0, 0, 255, 87, 61, 66, 253, 232, 185, 194, 247, 229, 182, 191, 255, 87, 61, 65, 255, 0, 0, 0, 190, 7, 0, 0, 47, 30, 13, 15, 0, 30, 12, 15, 0, 7, 0, 0, 49, 0, 0, 0, 190, 86, 59, 63, 255, 230, 178, 187, 255, 228, 177, 186, 247, 84, 58, 62, 255, 0, 0, 0, 255, 5, 0, 0, 255, 28, 11, 13, 255, 21, 5, 7, 255, 22, 6, 8, 255, 23, 6, 9, 255, 18, 2, 4, 255, 8, 0, 0, 255, 3, 0, 0, 255, 4, 0, 0, 255, 6, 0, 0, 255, 5, 0, 0, 255, 5, 0, 0, 255, 6, 0, 0, 255, 6, 0, 0, 255, 10, 0, 0, 255, 0, 0, 0, 255, 0, 0, 0, 255, 86, 59, 63, 253, 231, 179, 188, 247, 229, 178, 187, 255, 86, 59, 63, 255, 0, 0, 0, 190, 7, 0, 0, 47, 30, 12, 15, 0, 30, 12, 15, 0, 7, 0, 0, 49, 0, 0, 0, 190, 86, 58, 62, 255, 229, 175, 185, 255, 228, 174, 184, 247, 86, 58, 62, 255, 0, 0, 0, 255, 7, 0, 0, 255, 30, 12, 14, 255, 23, 6, 8, 255, 22, 6, 8, 255, 22, 6, 8, 255, 24, 8, 10, 255, 28, 11, 13, 255, 30, 13, 15, 255, 30, 13, 15, 255, 30, 12, 15, 255, 30, 13, 15, 255, 30, 12, 15, 255, 30, 12, 15, 255, 32, 14, 17, 255, 37, 19, 21, 255, 13, 0, 0, 255, 0, 0, 0, 255, 84, 57, 61, 253, 229, 175, 185, 247, 230, 175, 185, 255, 86, 58, 63, 255, 0, 0, 0, 190, 7, 0, 0, 47, 30, 12, 15, 0, 30, 12, 14, 0, 7, 0, 0, 49, 0, 0, 0, 190, 85, 56, 61, 255, 229, 171, 181, 255, 230, 171, 182, 247, 90, 59, 64, 255, 0, 0, 0, 255, 13, 0, 0, 255, 35, 15, 18, 255, 28, 10, 12, 255, 28, 10, 12, 255, 28, 10, 12, 255, 28, 10, 12, 255, 28, 10, 12, 255, 28, 10, 12, 255, 28, 10, 12, 255, 28, 10, 12, 255, 28, 10, 12, 255, 28, 10, 12, 255, 28, 10, 12, 255, 30, 11, 14, 255, 35, 15, 18, 255, 13, 0, 0, 255, 0, 0, 0, 255, 89, 59, 64, 253, 231, 172, 183, 247, 229, 171, 181, 255, 86, 57, 61, 255, 0, 0, 0, 190, 7, 0, 0, 47, 30, 12, 14, 0, 30, 12, 14, 0, 7, 0, 0, 48, 0, 0, 0, 188, 86, 56, 61, 255, 230, 168, 179, 255, 223, 163, 174, 248, 71, 45, 49, 255, 0, 0, 0, 255, 0, 0, 0, 255, 13, 0, 1, 255, 5, 0, 0, 255, 5, 0, 0, 255, 5, 0, 0, 255, 5, 0, 0, 255, 5, 0, 0, 255, 5, 0, 0, 255, 5, 0, 0, 255, 5, 0, 0, 255, 5, 0, 0, 255, 5, 0, 0, 255, 5, 0, 0, 255, 7, 0, 0, 255, 13, 0, 1, 255, 0, 0, 0, 255, 0, 0, 0, 255, 71, 45, 49, 253, 225, 164, 175, 248, 230, 168, 179, 255, 87, 56, 61, 255, 0, 0, 0, 188, 7, 0, 0, 47, 30, 12, 14, 0, 30, 12, 14, 0, 7, 0, 0, 47, 0, 0, 0, 183, 86, 54, 59, 255, 227, 161, 172, 255, 215, 153, 164, 248, 58, 34, 38, 255, 0, 0, 0, 255, 0, 0, 0, 255, 0, 0, 0, 255, 0, 0, 0, 255, 0, 0, 0, 255, 0, 0, 0, 255, 0, 0, 0, 255, 0, 0, 0, 255, 0, 0, 0, 255, 0, 0, 0, 255, 0, 0, 0, 255, 0, 0, 0, 255, 0, 0, 0, 255, 0, 0, 0, 255, 0, 0, 0, 255, 0, 0, 0, 255, 0, 0, 0, 255, 0, 0, 0, 255, 57, 34, 37, 254, 217, 154, 165, 248, 227, 161, 172, 255, 87, 55, 60, 255, 0, 0, 0, 183, 7, 0, 0, 45, 30, 12, 14, 0, 30, 12, 14, 0, 6, 0, 0, 52, 0, 0, 0, 203, 86, 53, 58, 255, 236, 163, 175, 255, 254, 175, 189, 245, 138, 90, 97, 254, 58, 30, 34, 255, 71, 40, 45, 255, 89, 54, 59, 255, 84, 49, 55, 255, 84, 49, 55, 255, 84, 49, 55, 255, 84, 49, 55, 255, 84, 49, 55, 255, 84, 49, 55, 255, 84, 49, 55, 255, 84, 49, 55, 255, 84, 49, 55, 255, 84, 49, 55, 255, 84, 49, 55, 255, 85, 50, 56, 255, 89, 54, 59, 255, 71, 40, 45, 255, 57, 30, 34, 255, 137, 89, 97, 252, 255, 176, 190, 245, 236, 163, 175, 255, 86, 53, 58, 255, 0, 0, 0, 203, 6, 0, 0, 51, 30, 12, 14, 0, 31, 12, 14, 0, 7, 0, 0, 55, 0, 0, 0, 212, 80, 47, 52, 255, 230, 154, 166, 255, 255, 199, 215, 244, 255, 172, 186, 253, 217, 143, 156, 255, 226, 150, 163, 255, 231, 154, 166, 255, 230, 153, 165, 255, 230, 153, 165, 255, 230, 153, 165, 255, 230, 153, 165, 255, 230, 153, 165, 255, 230, 153, 165, 255, 230, 153, 165, 255, 230, 153, 165, 255, 230, 153, 165, 255, 230, 153, 165, 255, 230, 153, 165, 255, 230, 153, 166, 255, 231, 154, 166, 255, 225, 149, 162, 255, 217, 143, 156, 255, 255, 171, 185, 251, 255, 199, 215, 244, 230, 154, 166, 255, 78, 46, 51, 255, 0, 0, 0, 212, 5, 0, 0, 54, 31, 12, 14, 0, 28, 10, 12, 0, 11, 0, 0, 36, 4, 0, 0, 146, 60, 32, 36, 242, 166, 106, 116, 255, 230, 152, 165, 254, 238, 158, 171, 255, 227, 150, 163, 253, 231, 154, 167, 255, 229, 152, 165, 255, 230, 152, 165, 255, 230, 152, 165, 255, 230, 152, 165, 255, 230, 152, 165, 255, 230, 152, 165, 255, 230, 152, 165, 255, 230, 152, 165, 255, 230, 152, 165, 255, 230, 152, 165, 255, 230, 152, 165, 255, 230, 152, 165, 255, 230, 152, 165, 255, 229, 152, 165, 255, 230, 153, 165, 255, 227, 150, 163, 253, 236, 157, 170, 255, 230, 152, 165, 254, 166, 106, 116, 255, 58, 31, 35, 242, 4, 0, 0, 146, 10, 0, 0, 34, 28, 10, 12, 0, 23, 6, 9, 0, 18, 3, 5, 1, 16, 2, 3, 26, 32, 12, 15, 110, 63, 33, 38, 219, 84, 48, 54, 255, 92, 54, 60, 255, 91, 54, 60, 249, 92, 55, 61, 255, 91, 54, 59, 255, 91, 54, 60, 255, 91, 54, 60, 255, 91, 54, 60, 255, 91, 54, 60, 255, 91, 54, 60, 255, 91, 54, 60, 255, 91, 54, 60, 255, 91, 54, 60, 255, 91, 54, 60, 255, 91, 54, 60, 255, 91, 54, 60, 255, 91, 54, 60, 255, 91, 54, 59, 255, 92, 54, 60, 254, 91, 54, 60, 249, 91, 54, 60, 255, 84, 48, 54, 255, 63, 33, 38, 219, 31, 12, 15, 109, 16, 2, 3, 26, 18, 3, 5, 0, 23, 6, 9, 0, 20, 4, 6, 17, 23, 6, 8, 0, 24, 7, 10, 0, 13, 0, 1, 17, 0, 0, 0, 191, 0, 0, 0, 255, 0, 0, 0, 255, 0, 0, 0, 246, 0, 0, 0, 255, 0, 0, 0, 255, 0, 0, 0, 255, 0, 0, 0, 255, 0, 0, 0, 255, 0, 0, 0, 255, 0, 0, 0, 255, 0, 0, 0, 255, 0, 0, 0, 255, 0, 0, 0, 255, 0, 0, 0, 255, 0, 0, 0, 255, 0, 0, 0, 255, 0, 0, 0, 255, 0, 0, 0, 255, 0, 0, 0, 253, 0, 0, 0, 246, 0, 0, 0, 255, 0, 0, 0, 255, 0, 0, 0, 191, 14, 0, 2, 15, 24, 7, 9, 0, 23, 7, 9, 0, 20, 4, 6, 17, 19, 4, 6, 17, 23, 6, 9, 0, 25, 8, 10, 0, 12, 0, 1, 15, 0, 0, 0, 191, 0, 0, 0, 255, 0, 0, 0, 255, 0, 0, 0, 246, 0, 0, 0, 255, 0, 0, 0, 255, 0, 0, 0, 255, 0, 0, 0, 255, 0, 0, 0, 255, 0, 0, 0, 255, 0, 0, 0, 255, 0, 0, 0, 255, 0, 0, 0, 255, 0, 0, 0, 255, 0, 0, 0, 255, 0, 0, 0, 255, 0, 0, 0, 255, 0, 0, 0, 255, 0, 0, 0, 255, 0, 0, 0, 253, 0, 0, 0, 246, 0, 0, 0, 255, 0, 0, 0, 255, 0, 0, 0, 191, 13, 0, 1, 13, 25, 7, 10, 0, 23, 7, 9, 0, 19, 4, 6, 17, 23, 6, 8, 0, 18, 3, 5, 1, 16, 2, 3, 27, 33, 12, 15, 112, 65, 32, 38, 220, 82, 43, 49, 255, 80, 42, 48, 255, 75, 38, 44, 249, 77, 40, 45, 255, 77, 40, 45, 255, 77, 40, 45, 255, 77, 40, 45, 255, 77, 40, 45, 255, 77, 40, 45, 255, 77, 40, 45, 255, 77, 40, 45, 255, 77, 40, 45, 255, 77, 40, 45, 255, 77, 40, 45, 255, 77, 40, 45, 255, 77, 40, 46, 255, 75, 39, 45, 255, 74, 39, 44, 255, 81, 41, 48, 254, 90, 45, 53, 249, 95, 48, 57, 255, 87, 45, 52, 255, 63, 31, 36, 220, 32, 12, 14, 111, 16, 2, 4, 27, 18, 3, 5, 0, 23, 6, 8, 0, 28, 9, 12, 0, 11, 0, 0, 36, 3, 0, 0, 146, 61, 29, 34, 242, 167, 93, 106, 255, 224, 127, 144, 254, 217, 123, 139, 255, 199, 112, 127, 253, 205, 116, 131, 255, 205, 116, 131, 255, 205, 116, 131, 255, 205, 116, 131, 255, 205, 116, 131, 255, 205, 116, 131, 255, 205, 116, 131, 255, 205, 116, 131, 255, 205, 116, 131, 255, 205, 116, 131, 255, 205, 116, 131, 255, 205, 116, 131, 255, 206, 116, 132, 255, 203, 115, 130, 255, 200, 114, 128, 255, 212, 119, 135, 255, 229, 126, 145, 253, 246, 136, 156, 255, 233, 131, 149, 254, 163, 91, 103, 255, 57, 27, 32, 242, 4, 0, 0, 146, 10, 0, 0, 34, 28, 9, 12, 0, 31, 11, 13, 0, 7, 0, 0, 55, 0, 0, 0, 212, 76, 38, 44, 255, 224, 125, 142, 255, 255, 171, 194, 244, 255, 166, 189, 253, 255, 151, 172, 255, 255, 156, 177, 255, 255, 156, 177, 255, 255, 156, 177, 255, 255, 156, 177, 255, 255, 156, 177, 255, 255, 156, 177, 255, 255, 156, 177, 255, 255, 156, 177, 255, 255, 156, 177, 255, 255, 156, 177, 255, 255, 156, 177, 255, 255, 156, 177, 255, 255, 155, 176, 255, 255, 158, 180, 255, 255, 160, 182, 255, 255, 146, 165, 255, 208, 124, 135, 255, 231, 138, 151, 251, 255, 163, 184, 244, 233, 129, 148, 255, 80, 39, 46, 255, 0, 0, 0, 212, 5, 0, 0, 54, 31, 11, 13, 0, 30, 10, 13, 0, 7, 0, 0, 53, 0, 0, 0, 205, 75, 36, 42, 255, 218, 117, 135, 255, 255, 160, 184, 245, 255, 155, 179, 254, 255, 142, 163, 255, 255, 146, 168, 255, 255, 146, 168, 255, 255, 146, 168, 255, 255, 146, 168, 255, 255, 146, 168, 255, 255, 146, 168, 255, 255, 146, 168, 255, 255, 146, 168, 255, 255, 146, 168, 255, 255, 146, 168, 255, 255, 146, 168, 255, 255, 145, 167, 255, 255, 143, 163, 255, 255, 153, 177, 255, 255, 160, 186, 255, 204, 117, 129, 255, 55, 48, 39, 255, 79, 62, 55, 252, 231, 132, 147, 245, 248, 131, 153, 255, 89, 42, 51, 255, 0, 0, 0, 205, 6, 0, 0, 52, 30, 10, 13, 0, 30, 10, 12, 0, 9, 0, 0, 47, 0, 0, 0, 184, 70, 31, 37, 255, 200, 102, 118, 255, 255, 139, 161, 248, 255, 135, 157, 255, 239, 123, 143, 255, 245, 126, 147, 255, 245, 126, 147, 255, 245, 126, 147, 255, 245, 126, 147, 255, 245, 126, 147, 255, 245, 126, 147, 255, 245, 126, 147, 255, 245, 126, 147, 255, 245, 126, 147, 255, 245, 126, 147, 255, 245, 126, 147, 255, 244, 126, 146, 255, 239, 123, 143, 255, 255, 133, 156, 255, 255, 139, 164, 255, 187, 100, 112, 255, 52, 38, 31, 255, 73, 50, 44, 254, 212, 113, 128, 248, 227, 114, 135, 255, 83, 37, 45, 255, 0, 0, 0, 184, 7, 0, 0, 45, 30, 10, 12, 0, 30, 10, 12, 0, 8, 0, 0, 49, 0, 0, 0, 190, 71, 31, 38, 255, 205, 102, 119, 255, 255, 139, 162, 247, 255, 135, 157, 255, 245, 123, 144, 255, 252, 127, 148, 255, 252, 127, 148, 255, 252, 127, 148, 255, 252, 127, 148, 255, 252, 127, 148, 255, 252, 127, 148, 255, 252, 127, 148, 255, 252, 127, 148, 255, 252, 127, 148, 255, 252, 127, 148, 255, 252, 127, 148, 255, 252, 126, 148, 255, 250, 126, 147, 255, 255, 129, 150, 255, 255, 130, 153, 255, 234, 118, 137, 255, 190, 98, 111, 255, 211, 109, 124, 253, 255, 132, 152, 247, 213, 106, 124, 255, 74, 33, 39, 255, 0, 0, 0, 190, 7, 0, 0, 47, 30, 10, 12, 0, 30, 10, 12, 0, 8, 0, 0, 49, 0, 0, 0, 190, 71, 31, 37, 255, 205, 101, 118, 255, 255, 138, 161, 247, 255, 134, 156, 255, 245, 122, 142, 255, 252, 125, 146, 255, 252, 125, 146, 255, 252, 125, 146, 255, 252, 125, 146, 255, 252, 125, 146, 255, 252, 125, 146, 255, 252, 125, 146, 255, 252, 125, 146, 255, 252, 125, 146, 255, 252, 125, 146, 255, 252, 125, 146, 255, 252, 126, 147, 255, 253, 126, 147, 255, 249, 124, 145, 255, 246, 123, 143, 255, 255, 130, 152, 255, 255, 139, 165, 255, 255, 150, 177, 253, 255, 143, 168, 247, 199, 98, 115, 255, 67, 29, 35, 255, 0, 0, 0, 190, 7, 0, 0, 47, 30, 10, 12, 0),
"format": "RGBA8",
"height": 32,
"mipmaps": false,
"width": 32
},"script":null)
,"script":null,"metadata/path":"res://assets/img/icons/system_icon.png")
,
"res://tools/archetypes/": Object(ImageTexture,"resource_local_to_scene":false,"resource_name":"","image":Object(Image,"resource_local_to_scene":false,"resource_name":"","data":{
"data": PackedByteArray(21, 5, 7, 0, 21, 5, 7, 0, 21, 5, 7, 0, 21, 5, 7, 0, 21, 5, 7, 0, 21, 5, 7, 0, 21, 5, 7, 0, 21, 5, 7, 0, 21, 5, 7, 0, 21, 5, 7, 2, 21, 5, 7, 8, 21, 5, 7, 11, 21, 5, 7, 10, 21, 5, 7, 9, 21, 5, 7, 10, 21, 5, 7, 10, 21, 5, 7, 10, 21, 5, 7, 10, 21, 5, 7, 10, 21, 5, 7, 10, 21, 5, 7, 9, 21, 5, 7, 10, 21, 5, 7, 11, 21, 5, 7, 8, 21, 5, 7, 2, 21, 5, 7, 0, 21, 5, 7, 0, 21, 5, 7, 0, 21, 5, 7, 0, 21, 5, 7, 0, 21, 5, 7, 0, 21, 5, 7, 0, 21, 5, 7, 0, 21, 5, 7, 0, 21, 5, 7, 0, 21, 5, 7, 0, 21, 5, 7, 1, 21, 5, 7, 2, 21, 5, 7, 1, 21, 5, 7, 3, 21, 5, 7, 3, 21, 5, 7, 0, 22, 6, 8, 0, 23, 7, 9, 0, 23, 7, 9, 0, 23, 7, 9, 0, 23, 7, 9, 0, 23, 7, 9, 0, 23, 7, 9, 0, 23, 7, 9, 0, 23, 7, 9, 0, 23, 7, 9, 0, 23, 7, 9, 0, 23, 7, 9, 0, 23, 7, 9, 0, 22, 6, 8, 0, 21, 5, 7, 0, 21, 5, 7, 3, 21, 5, 7, 1, 21, 5, 7, 0, 21, 5, 7, 0, 21, 5, 7, 0, 21, 5, 7, 0, 21, 5, 7, 0, 21, 5, 7, 0, 21, 5, 7, 0, 21, 5, 7, 0, 21, 5, 7, 2, 21, 5, 7, 6, 21, 5, 7, 8, 21, 5, 7, 7, 21, 5, 7, 9, 20, 4, 6, 11, 22, 6, 8, 0, 26, 11, 13, 0, 28, 13, 15, 0, 28, 13, 15, 0, 27, 12, 14, 0, 28, 12, 14, 0, 28, 12, 14, 0, 28, 12, 14, 0, 28, 12, 14, 0, 28, 12, 14, 0, 28, 12, 14, 0, 27, 12, 14, 0, 28, 13, 14, 0, 28, 13, 15, 0, 26, 11, 13, 0, 22, 6, 8, 1, 20, 4, 6, 9, 21, 5, 7, 4, 21, 5, 7, 0, 21, 5, 7, 0, 21, 5, 7, 0, 21, 5, 7, 0, 21, 5, 7, 0, 21, 5, 7, 0, 21, 5, 7, 1, 21, 5, 7, 3, 21, 5, 7, 0, 22, 7, 9, 0, 23, 7, 9, 0, 22, 7, 8, 0, 24, 8, 10, 0, 24, 9, 11, 0, 19, 3, 5, 0, 10, 0, 0, 41, 5, 0, 0, 63, 5, 0, 0, 60, 7, 0, 0, 53, 6, 0, 0, 55, 6, 0, 0, 55, 6, 0, 0, 55, 6, 0, 0, 55, 6, 0, 0, 55, 6, 0, 0, 55, 7, 0, 0, 53, 5, 0, 0, 60, 5, 0, 0, 63, 10, 0, 0, 39, 20, 4, 6, 0, 24, 8, 10, 0, 22, 7, 9, 0, 20, 4, 6, 6, 21, 5, 7, 2, 21, 5, 7, 0, 21, 5, 7, 0, 21, 5, 7, 0, 21, 5, 7, 0, 21, 5, 7, 3, 20, 4, 6, 9, 23, 7, 9, 1, 27, 11, 13, 0, 29, 13, 15, 0, 28, 12, 14, 0, 30, 14, 16, 0, 31, 16, 18, 0, 21, 6, 8, 22, 3, 0, 0, 156, 0, 0, 0, 227, 0, 0, 0, 219, 0, 0, 0, 196, 0, 0, 0, 203, 0, 0, 0, 203, 0, 0, 0, 203, 0, 0, 0, 203, 0, 0, 0, 203, 0, 0, 0, 201, 0, 0, 0, 196, 0, 0, 0, 217, 0, 0, 0, 228, 4, 0, 0, 152, 22, 7, 8, 17, 30, 14, 16, 0, 25, 9, 11, 0, 19, 3, 5, 17, 20, 4, 6, 4, 21, 5, 7, 0, 21, 5, 7, 0, 21, 5, 7, 0, 20, 4, 6, 5, 22, 6, 8, 0, 22, 6, 8, 0, 18, 2, 4, 0, 10, 0, 0, 38, 6, 0, 0, 63, 8, 0, 0, 65, 3, 0, 0, 38, 0, 0, 0, 30, 20, 4, 6, 102, 57, 44, 45, 235, 77, 65, 66, 255, 75, 62, 64, 255, 68, 56, 57, 255, 70, 58, 59, 255, 70, 58, 59, 255, 70, 58, 59, 255, 70, 58, 59, 255, 70, 58, 59, 255, 70, 57, 59, 255, 68, 56, 57, 255, 74, 62, 63, 255, 77, 65, 67, 255, 56, 42, 44, 238, 18, 2, 4, 108, 3, 0, 0, 15, 14, 0, 0, 0, 24, 9, 11, 0, 22, 6, 8, 0, 21, 5, 7, 3, 21, 5, 7, 1, 21, 5, 7, 0, 20, 4, 6, 12, 22, 6, 8, 0, 23, 8, 10, 0, 16, 0, 1, 20, 1, 0, 0, 154, 0, 0, 0, 228, 1, 0, 0, 221, 0, 0, 0, 192, 0, 0, 0, 196, 41, 26, 28, 217, 164, 158, 159, 255, 229, 227, 227, 255, 221, 219, 219, 255, 201, 197, 197, 255, 207, 204, 204, 255, 207, 204, 204, 255, 207, 204, 204, 255, 207, 204, 204, 255, 207, 204, 204, 255, 205, 202, 203, 255, 200, 197, 197, 255, 220, 218, 218, 255, 229, 228, 228, 255, 161, 155, 156, 255, 37, 22, 24, 242, 0, 0, 0, 146, 2, 0, 0, 13, 30, 15, 16, 0, 23, 7, 9, 0, 20, 4, 6, 9, 21, 5, 7, 2, 21, 5, 7, 0, 23, 7, 9, 2, 18, 2, 4, 0, 16, 0, 2, 18, 32, 16, 18, 110, 61, 47, 49, 238, 77, 65, 66, 255, 80, 68, 70, 255, 57, 43, 44, 255, 49, 35, 36, 255, 115, 105, 106, 255, 237, 235, 235, 254, 255, 255, 255, 244, 255, 255, 255, 245, 255, 255, 255, 248, 255, 255, 255, 247, 255, 255, 255, 247, 255, 255, 255, 247, 255, 255, 255, 247, 255, 255, 255, 247, 255, 255, 255, 248, 255, 255, 255, 248, 255, 255, 255, 244, 255, 255, 255, 237, 239, 237, 237, 255, 118, 109, 110, 255, 39, 24, 26, 240, 18, 2, 4, 108, 24, 8, 10, 18, 18, 2, 4, 0, 22, 6, 8, 3, 21, 5, 7, 0, 21, 5, 7, 2, 28, 13, 15, 0, 11, 0, 0, 35, 3, 0, 0, 144, 62, 48, 50, 246, 170, 163, 164, 255, 228, 225, 225, 255, 223, 220, 220, 255, 198, 194, 194, 255, 201, 197, 197, 255, 221, 219, 219, 255, 255, 255, 255, 255, 255, 255, 255, 253, 255, 255, 255, 254, 255, 255, 255, 255, 255, 255, 255, 255, 255, 255, 255, 255, 255, 255, 255, 255, 255, 255, 255, 255, 255, 255, 255, 255, 255, 255, 255, 255, 255, 255, 255, 255, 255, 255, 255, 253, 255, 255, 255, 251, 255, 255, 255, 255, 239, 238, 238, 255, 164, 157, 158, 255, 61, 48, 49, 238, 9, 0, 0, 156, 10, 0, 0, 45, 25, 10, 12, 0, 21, 5, 7, 0, 21, 5, 7, 6, 31, 15, 17, 0, 7, 0, 0, 56, 0, 0, 0, 213, 77, 65, 66, 255, 225, 224, 224, 255, 255, 255, 255, 235, 255, 255, 255, 245, 255, 255, 255, 248, 255, 255, 255, 247, 255, 255, 255, 249, 253, 253, 253, 253, 244, 244, 244, 255, 245, 245, 245, 255, 247, 247, 248, 255, 245, 245, 246, 255, 245, 245, 245, 255, 245, 245, 245, 255, 245, 245, 245, 255, 245, 245, 245, 255, 246, 246, 246, 255, 247, 247, 248, 255, 243, 243, 243, 255, 235, 235, 235, 255, 255, 255, 255, 249, 255, 255, 255, 236, 223, 222, 222, 255, 64, 50, 52, 255, 0, 0, 0, 223, 0, 0, 0, 47, 30, 15, 17, 0, 22, 6, 8, 0, 20, 4, 6, 13, 30, 15, 17, 0, 8, 0, 0, 53, 0, 0, 0, 205, 74, 63, 64, 255, 215, 215, 217, 255, 255, 255, 255, 245, 255, 255, 255, 254, 251, 253, 255, 255, 255, 255, 255, 255, 255, 255, 255, 255, 250, 253, 255, 255, 248, 251, 252, 255, 249, 251, 253, 255, 247, 250, 252, 255, 244, 246, 247, 255, 242, 244, 245, 255, 242, 244, 245, 255, 242, 244, 245, 255, 242, 244, 245, 255, 244, 246, 247, 255, 248, 250, 252, 255, 246, 249, 250, 255, 239, 241, 243, 255, 255, 255, 255, 252, 255, 255, 255, 244, 209, 208, 209, 255, 52, 38, 39, 255, 0, 0, 0, 211, 0, 0, 0, 34, 31, 16, 18, 0, 22, 7, 9, 0, 20, 4, 6, 15, 29, 14, 16, 0, 10, 0, 0, 48, 2, 0, 0, 184, 68, 57, 59, 255, 192, 192, 194, 255, 255, 255, 255, 248, 255, 255, 255, 255, 244, 250, 253, 255, 251, 255, 255, 255, 248, 254, 255, 255, 245, 250, 253, 255, 242, 247, 250, 255, 242, 247, 249, 255, 246, 252, 254, 255, 254, 255, 255, 255, 255, 255, 255, 255, 255, 255, 255, 255, 255, 255, 255, 255, 255, 255, 255, 255, 254, 255, 255, 255, 246, 251, 254, 255, 241, 246, 249, 255, 238, 243, 245, 255, 252, 255, 255, 254, 254, 255, 255, 250, 203, 204, 207, 255, 106, 98, 101, 255, 40, 26, 29, 211, 19, 3, 5, 101, 21, 5, 7, 21, 18, 2, 4, 0, 23, 7, 9, 0, 28, 13, 15, 0, 11, 0, 0, 55, 6, 0, 0, 192, 72, 62, 65, 255, 194, 196, 199, 255, 255, 255, 255, 248, 255, 255, 255, 255, 255, 255, 255, 255, 255, 255, 255, 255, 255, 255, 255, 255, 244, 252, 255, 255, 235, 242, 246, 255, 235, 242, 245, 255, 244, 252, 255, 255, 255, 255, 255, 255, 255, 255, 255, 255, 255, 255, 255, 255, 255, 255, 255, 255, 255, 255, 255, 255, 255, 255, 255, 255, 243, 251, 255, 255, 236, 243, 247, 255, 236, 243, 246, 255, 241, 248, 252, 255, 238, 245, 249, 253, 240, 247, 251, 255, 221, 226, 230, 254, 153, 152, 155, 255, 54, 42, 44, 242, 6, 0, 0, 146, 10, 0, 0, 34, 28, 12, 14, 0, 31, 16, 19, 0, 6, 0, 0, 36, 0, 0, 0, 186, 59, 47, 49, 255, 192, 196, 200, 255, 250, 255, 255, 247, 218, 225, 229, 255, 178, 180, 184, 255, 184, 187, 190, 255, 201, 206, 210, 255, 225, 232, 237, 255, 242, 252, 255, 255, 243, 253, 255, 255, 225, 232, 236, 255, 200, 205, 209, 255, 187, 190, 194, 255, 189, 193, 197, 255, 190, 194, 197, 255, 188, 191, 194, 255, 201, 206, 210, 255, 226, 234, 238, 255, 240, 249, 253, 255, 239, 248, 252, 255, 231, 239, 243, 255, 226, 233, 238, 255, 254, 255, 255, 251, 255, 255, 255, 244, 212, 218, 222, 255, 74, 64, 67, 255, 0, 0, 0, 212, 7, 0, 0, 55, 30, 15, 17, 0, 33, 18, 20, 0, 3, 0, 0, 27, 0, 0, 0, 183, 57, 45, 48, 255, 199, 206, 210, 255, 223, 233, 238, 247, 125, 122, 125, 255, 36, 22, 24, 255, 38, 26, 29, 255, 103, 99, 103, 255, 191, 198, 203, 255, 255, 255, 255, 255, 255, 255, 255, 255, 191, 197, 202, 255, 99, 95, 98, 255, 49, 39, 42, 255, 58, 49, 52, 255, 61, 52, 55, 255, 53, 41, 44, 255, 105, 99, 102, 255, 198, 205, 209, 255, 247, 255, 255, 255, 242, 255, 255, 255, 223, 234, 238, 255, 222, 233, 237, 255, 247, 255, 255, 252, 255, 255, 255, 245, 203, 210, 215, 255, 75, 66, 69, 255, 4, 0, 0, 207, 8, 0, 0, 58, 29, 14, 16, 0, 22, 6, 8, 25, 18, 2, 4, 91, 29, 14, 16, 203, 118, 117, 120, 255, 221, 233, 239, 255, 193, 202, 207, 249, 53, 42, 45, 255, 0, 0, 0, 255, 0, 0, 0, 255, 54, 38, 39, 255, 174, 178, 182, 255, 255, 255, 255, 255, 255, 255, 255, 255, 172, 176, 180, 255, 45, 29, 30, 255, 0, 0, 0, 255, 0, 0, 0, 255, 0, 0, 0, 255, 0, 0, 0, 255, 37, 23, 26, 255, 177, 183, 188, 255, 252, 255, 255, 255, 243, 255, 255, 255, 219, 230, 236, 255, 221, 233, 239, 255, 238, 253, 255, 254, 244, 255, 255, 248, 176, 181, 186, 255, 52, 40, 42, 255, 0, 0, 0, 179, 6, 0, 0, 33, 31, 16, 18, 0, 3, 0, 0, 187, 46, 34, 37, 207, 124, 124, 128, 240, 221, 236, 242, 255, 248, 255, 255, 255, 173, 181, 187, 253, 42, 30, 33, 255, 0, 0, 0, 255, 0, 0, 0, 255, 61, 44, 44, 255, 173, 178, 183, 255, 255, 255, 255, 255, 255, 255, 255, 255, 170, 176, 180, 255, 52, 34, 34, 255, 0, 0, 0, 255, 4, 0, 0, 255, 0, 0, 0, 255, 0, 0, 0, 255, 33, 20, 23, 255, 172, 180, 186, 255, 247, 255, 255, 255, 238, 255, 255, 255, 213, 227, 233, 255, 215, 229, 236, 255, 235, 253, 255, 253, 245, 255, 255, 246, 175, 183, 189, 255, 45, 32, 34, 255, 0, 0, 0, 183, 4, 0, 0, 26, 32, 18, 20, 0, 0, 0, 0, 255, 66, 57, 60, 255, 191, 203, 210, 255, 255, 255, 255, 249, 255, 255, 255, 252, 181, 190, 196, 255, 107, 103, 107, 255, 32, 23, 28, 255, 2, 0, 7, 255, 63, 70, 79, 255, 169, 184, 192, 255, 251, 255, 255, 255, 252, 255, 255, 255, 172, 185, 193, 255, 64, 70, 78, 255, 1, 3, 13, 255, 10, 13, 23, 255, 29, 29, 36, 255, 43, 35, 39, 255, 104, 101, 104, 255, 191, 202, 208, 255, 232, 252, 255, 255, 228, 247, 255, 255, 212, 228, 236, 255, 213, 229, 237, 255, 227, 246, 253, 254, 233, 253, 255, 249, 189, 201, 207, 255, 99, 97, 101, 255, 35, 22, 24, 203, 19, 2, 4, 89, 22, 6, 8, 25, 0, 0, 0, 255, 66, 58, 61, 255, 191, 206, 214, 255, 255, 255, 255, 249, 235, 255, 255, 252, 206, 219, 225, 255, 202, 210, 214, 255, 126, 148, 159, 255, 27, 73, 96, 255, 43, 91, 116, 255, 157, 186, 200, 255, 250, 255, 255, 255, 247, 255, 255, 255, 168, 194, 206, 255, 63, 106, 128, 255, 0, 45, 74, 255, 0, 47, 76, 255, 54, 96, 117, 255, 138, 157, 168, 255, 198, 208, 213, 255, 216, 231, 237, 255, 213, 234, 243, 255, 216, 236, 244, 255, 212, 231, 239, 255, 212, 231, 239, 255, 215, 235, 243, 255, 214, 233, 241, 253, 215, 234, 242, 255, 198, 215, 222, 255, 126, 130, 135, 240, 45, 34, 37, 206, 3, 0, 0, 187, 4, 0, 0, 186, 46, 35, 38, 205, 124, 128, 134, 239, 192, 210, 218, 255, 203, 225, 234, 255, 227, 245, 252, 253, 253, 255, 255, 255, 184, 222, 237, 255, 72, 142, 172, 255, 64, 133, 163, 255, 160, 197, 213, 255, 241, 252, 255, 255, 237, 249, 253, 255, 173, 206, 220, 255, 89, 151, 178, 255, 24, 106, 143, 255, 21, 104, 140, 255, 95, 157, 184, 255, 196, 231, 244, 255, 244, 255, 255, 255, 226, 245, 252, 255, 202, 225, 234, 255, 209, 229, 238, 255, 211, 232, 240, 255, 211, 232, 241, 255, 206, 226, 235, 255, 199, 218, 226, 255, 230, 255, 255, 252, 255, 255, 255, 247, 188, 204, 212, 255, 64, 56, 60, 255, 0, 0, 0, 255, 22, 6, 8, 26, 20, 4, 6, 91, 36, 23, 25, 203, 95, 94, 99, 255, 173, 191, 200, 255, 229, 253, 255, 249, 239, 255, 255, 255, 188, 223, 237, 255, 126, 188, 211, 255, 120, 181, 205, 255, 176, 212, 226, 255, 223, 238, 245, 255, 221, 237, 244, 255, 184, 217, 230, 255, 135, 190, 212, 255, 97, 169, 197, 255, 95, 167, 195, 255, 139, 194, 216, 255, 198, 232, 245, 255, 226, 247, 255, 255, 215, 236, 244, 255, 200, 224, 234, 255, 204, 227, 236, 255, 206, 229, 239, 255, 206, 230, 240, 255, 200, 222, 231, 255, 190, 210, 219, 255, 222, 248, 255, 250, 255, 255, 255, 242, 185, 204, 213, 255, 63, 56, 60, 255, 0, 0, 0, 255, 31, 17, 20, 0, 6, 0, 0, 27, 0, 0, 0, 182, 42, 32, 35, 255, 158, 174, 182, 255, 222, 249, 255, 247, 213, 237, 247, 255, 179, 207, 218, 255, 166, 208, 223, 255, 169, 211, 227, 255, 190, 221, 233, 255, 208, 229, 238, 255, 208, 229, 238, 255, 192, 222, 234, 255, 173, 212, 227, 255, 158, 206, 223, 255, 158, 206, 223, 255, 171, 211, 225, 255, 188, 216, 227, 255, 200, 222, 231, 255, 202, 225, 235, 255, 201, 226, 237, 255, 201, 226, 236, 255, 199, 223, 233, 255, 197, 221, 231, 255, 205, 230, 241, 253, 210, 238, 249, 249, 211, 238, 249, 255, 189, 211, 221, 255, 118, 123, 130, 253, 43, 32, 35, 209, 5, 0, 0, 183, 30, 16, 18, 0, 8, 0, 0, 33, 0, 0, 0, 179, 46, 37, 40, 255, 153, 170, 179, 255, 211, 241, 252, 248, 205, 232, 243, 255, 186, 212, 223, 255, 192, 223, 235, 255, 193, 225, 237, 255, 196, 224, 236, 255, 197, 224, 234, 255, 197, 224, 234, 255, 196, 224, 235, 255, 193, 224, 236, 255, 192, 224, 237, 255, 191, 224, 237, 255, 193, 224, 236, 255, 196, 224, 235, 255, 197, 224, 235, 255, 198, 224, 235, 255, 196, 223, 233, 255, 194, 220, 230, 255, 189, 214, 224, 255, 185, 208, 218, 255, 206, 235, 246, 250, 225, 255, 255, 238, 187, 212, 223, 255, 97, 100, 106, 255, 32, 19, 21, 226, 18, 1, 3, 97, 22, 7, 9, 21, 27, 13, 15, 0, 12, 0, 0, 59, 8, 0, 0, 205, 66, 61, 65, 255, 167, 189, 199, 255, 221, 255, 255, 243, 215, 251, 255, 252, 196, 225, 236, 254, 196, 223, 234, 255, 194, 219, 230, 255, 193, 221, 232, 255, 193, 222, 234, 255, 193, 222, 233, 255, 194, 222, 233, 255, 195, 222, 233, 255, 196, 222, 233, 255, 196, 222, 233, 255, 195, 222, 233, 255, 194, 223, 234, 255, 192, 221, 232, 255, 191, 219, 230, 255, 194, 223, 234, 255, 199, 230, 242, 254, 205, 238, 251, 251, 203, 236, 248, 249, 202, 234, 246, 255, 184, 210, 220, 255, 120, 130, 137, 255, 30, 16, 19, 249, 0, 0, 0, 136, 8, 0, 0, 12, 29, 15, 18, 0, 28, 14, 16, 0, 11, 0, 0, 56, 3, 0, 0, 213, 61, 56, 61, 255, 166, 192, 203, 255, 224, 255, 255, 235, 219, 255, 255, 244, 195, 228, 241, 250, 191, 220, 232, 253, 186, 213, 225, 255, 187, 216, 229, 255, 188, 220, 233, 255, 187, 219, 232, 255, 189, 219, 232, 255, 191, 221, 233, 255, 193, 222, 233, 255, 193, 221, 233, 255, 192, 221, 233, 255, 190, 221, 234, 255, 185, 216, 228, 255, 182, 211, 223, 255, 186, 217, 229, 254, 195, 229, 242, 250, 215, 255, 255, 243, 220, 255, 255, 236, 176, 203, 215, 255, 92, 95, 101, 255, 30, 16, 19, 243, 6, 0, 0, 113, 11, 0, 0, 11, 16, 0, 0, 0, 24, 9, 11, 0, 26, 11, 14, 0, 14, 0, 0, 35, 8, 0, 0, 143, 49, 42, 46, 244, 125, 140, 149, 255, 161, 187, 198, 255, 155, 178, 189, 255, 156, 180, 192, 255, 184, 218, 232, 255, 194, 232, 246, 253, 188, 223, 237, 254, 182, 214, 227, 255, 184, 216, 230, 255, 184, 217, 231, 255, 183, 216, 230, 255, 182, 216, 230, 255, 182, 216, 230, 255, 182, 215, 229, 255, 182, 214, 227, 255, 189, 223, 237, 254, 196, 233, 247, 253, 184, 217, 231, 255, 155, 179, 191, 255, 155, 178, 189, 255, 164, 190, 201, 255, 119, 133, 141, 255, 31, 18, 21, 240, 0, 0, 0, 145, 12, 0, 0, 12, 32, 18, 21, 0, 23, 8, 10, 0, 19, 3, 5, 21, 22, 7, 9, 2, 19, 3, 4, 0, 18, 1, 3, 17, 29, 16, 18, 109, 52, 45, 49, 237, 49, 41, 45, 255, 41, 31, 34, 255, 84, 88, 94, 255, 168, 200, 213, 255, 207, 251, 255, 252, 193, 232, 247, 253, 174, 207, 220, 255, 179, 213, 227, 255, 180, 216, 229, 255, 180, 215, 229, 255, 180, 215, 229, 255, 180, 216, 229, 255, 178, 212, 226, 255, 174, 207, 220, 255, 192, 231, 245, 253, 207, 251, 255, 252, 167, 198, 211, 255, 83, 86, 93, 255, 42, 32, 35, 255, 50, 42, 46, 255, 48, 41, 45, 237, 17, 0, 2, 107, 7, 0, 0, 13, 15, 0, 0, 0, 23, 8, 10, 0, 22, 6, 8, 0, 21, 4, 6, 5, 20, 4, 6, 12, 22, 6, 8, 0, 23, 7, 9, 0, 18, 2, 3, 20, 12, 0, 0, 156, 0, 0, 0, 224, 0, 0, 0, 213, 32, 21, 24, 207, 113, 128, 137, 244, 166, 199, 213, 255, 180, 217, 232, 255, 175, 212, 226, 253, 178, 216, 230, 255, 175, 212, 226, 255, 176, 213, 227, 255, 176, 213, 227, 255, 175, 212, 226, 255, 177, 214, 229, 255, 175, 212, 226, 253, 178, 216, 230, 255, 166, 199, 212, 255, 113, 127, 136, 242, 32, 19, 22, 207, 0, 0, 0, 212, 0, 0, 0, 224, 13, 0, 0, 154, 22, 6, 8, 17, 28, 13, 16, 0, 24, 8, 11, 0, 20, 4, 5, 16, 21, 5, 7, 4, 21, 5, 7, 0, 21, 4, 6, 5, 22, 6, 8, 0, 22, 6, 9, 0, 19, 2, 4, 0, 13, 0, 0, 44, 6, 0, 0, 50, 8, 0, 0, 38, 12, 0, 0, 94, 32, 20, 23, 214, 83, 89, 96, 255, 150, 181, 195, 255, 182, 225, 242, 249, 180, 221, 238, 255, 168, 205, 221, 255, 171, 210, 226, 255, 171, 209, 225, 255, 168, 205, 221, 255, 178, 220, 236, 254, 182, 225, 242, 249, 149, 180, 193, 255, 82, 88, 95, 255, 32, 20, 23, 212, 11, 0, 0, 93, 8, 0, 0, 38, 5, 0, 0, 48, 13, 0, 0, 44, 19, 2, 4, 0, 22, 7, 9, 0, 22, 6, 8, 0, 21, 5, 7, 4, 21, 5, 7, 1, 21, 5, 7, 0, 21, 5, 7, 0, 21, 5, 7, 3, 21, 4, 6, 9, 22, 6, 8, 3, 24, 9, 11, 0, 29, 15, 17, 0, 33, 21, 24, 0, 12, 0, 0, 35, 0, 0, 0, 198, 38, 29, 33, 255, 132, 160, 173, 255, 183, 231, 249, 247, 177, 223, 240, 255, 161, 201, 217, 255, 166, 208, 224, 255, 165, 206, 222, 255, 161, 201, 217, 255, 176, 221, 239, 253, 184, 232, 250, 247, 131, 159, 172, 255, 37, 28, 31, 255, 0, 0, 0, 196, 11, 0, 0, 33, 33, 21, 24, 0, 28, 13, 16, 0, 24, 9, 11, 0, 22, 6, 8, 1, 21, 4, 6, 9, 21, 5, 7, 4, 21, 5, 7, 0, 21, 5, 7, 0, 21, 5, 7, 0, 21, 5, 7, 0, 21, 5, 7, 1, 21, 5, 7, 2, 21, 5, 7, 0, 21, 5, 7, 0, 23, 7, 10, 0, 27, 13, 15, 0, 10, 0, 0, 42, 0, 0, 0, 200, 42, 36, 40, 255, 130, 161, 175, 255, 178, 228, 246, 247, 172, 220, 238, 255, 157, 199, 215, 255, 162, 205, 222, 255, 161, 204, 221, 255, 157, 199, 215, 255, 171, 218, 236, 253, 178, 228, 247, 247, 130, 160, 173, 255, 41, 34, 39, 255, 0, 0, 0, 198, 9, 0, 0, 40, 27, 13, 15, 0, 22, 6, 8, 0, 21, 5, 7, 0, 21, 5, 7, 0, 21, 5, 7, 2, 21, 5, 7, 1, 21, 5, 7, 0, 21, 5, 7, 0, 21, 5, 7, 0, 21, 5, 7, 0, 21, 5, 7, 0, 21, 5, 7, 0, 21, 5, 7, 4, 21, 5, 7, 15, 22, 6, 8, 0, 24, 10, 12, 0, 14, 0, 0, 61, 12, 0, 0, 205, 56, 54, 60, 255, 133, 166, 180, 255, 174, 224, 243, 248, 169, 218, 236, 255, 156, 199, 216, 255, 160, 205, 222, 255, 159, 203, 220, 255, 156, 199, 215, 255, 168, 216, 234, 253, 174, 224, 243, 248, 133, 165, 179, 255, 55, 53, 58, 255, 12, 0, 0, 203, 13, 0, 0, 60, 24, 10, 12, 0, 21, 4, 6, 0, 21, 5, 7, 15, 21, 5, 7, 2, 21, 5, 7, 0, 21, 5, 7, 0, 21, 5, 7, 0, 21, 5, 7, 0, 21, 5, 7, 0),
"format": "RGBA8",
"height": 32,
"mipmaps": false,
"width": 32
},"script":null)
,"script":null,"metadata/path":"res://assets/img/icons/entity_icon.png")

}
